Topic,Words,Frequency,Timestamp
-1,"health, social, covid, model, learning",808,2019-12-30 04:10:33.600
0,"health, care, nurses, interventions, included",156,2019-12-30 04:10:33.600
1,"species, climate, ecosystem, carbon, conservation",131,2019-12-30 04:10:33.600
2,"image, images, learning, classification, deep",106,2019-12-30 04:10:33.600
3,"model, learning, models, prediction, machine",93,2019-12-30 04:10:33.600
4,"energy, electricity, renewable, energy consumption, renewable energy",47,2019-12-30 04:10:33.600
5,"tourism, employees, value, findings, social",95,2019-12-30 04:10:33.600
6,"joint, knee, players, athletes, sport",81,2019-12-30 04:10:33.600
7,"water, soil, planetary, drought, plant",76,2019-12-30 04:10:33.600
8,"construction, bim, sustainability, industry, supply",47,2019-12-30 04:10:33.600
9,"students, education, learning, feedback, teachers",52,2019-12-30 04:10:33.600
10,"learning, attacks, detection, code, privacy",46,2019-12-30 04:10:33.600
11,"waste, wastewater, removal, biomass, oil",25,2019-12-30 04:10:33.600
12,"covid, health, pandemic, care, cases",49,2019-12-30 04:10:33.600
13,"smoke, health, air, bushfire, exposure",35,2019-12-30 04:10:33.600
14,"iot, blockchain, security, edge, computing",47,2019-12-30 04:10:33.600
15,"urban, cities, city, smart, mobility",30,2019-12-30 04:10:33.600
16,"production, food, dairy, farmers, farm",18,2019-12-30 04:10:33.600
17,"delay, lyapunov, stability, controller, xmlns",37,2019-12-30 04:10:33.600
18,"user, recommendation, graph, users, networks",24,2019-12-30 04:10:33.600
19,"sodium, metal, batteries, sulfur, cathode",14,2019-12-30 04:10:33.600
20,"black, mml, black hole, star, mass",20,2019-12-30 04:10:33.600
21,"voltage, power, optimization, grid, inertia",22,2019-12-30 04:10:33.600
22,"robots, service, robot, human, chatbots",19,2019-12-30 04:10:33.600
23,"ice, sea, ocean, atmospheric, antarctic",19,2019-12-30 04:10:33.600
24,"soft, wearable, actuator, robot, pvdf",21,2019-12-30 04:10:33.600
25,"pollution, microplastics, ice, plastic, plastics",9,2019-12-30 04:10:33.600
26,"flow, magnetic, mixing, amp, ellipsoids",12,2019-12-30 04:10:33.600
27,"algorithm, optimization, uav, problems, path",19,2019-12-30 04:10:33.600
28,"gender, women, news, media, tiktok",22,2019-12-30 04:10:33.600
29,"banks, bank, stock, financial, returns",15,2019-12-30 04:10:33.600
30,"microbial, bacterial, genetic, soil, genes",16,2019-12-30 04:10:33.600
31,"archaeological, rock, age, occupation, pleistocene",12,2019-12-30 04:10:33.600
32,"acoustic, cancer, species, host, thermal",15,2019-12-30 04:10:33.600
33,"alcohol, cannabis, gambling, tobacco, cannabis use",11,2019-12-30 04:10:33.600
34,"reality, virtual, gui, virtual reality, gaze",20,2019-12-30 04:10:33.600
35,"moment, cfs, connections, strength, columns",8,2019-12-30 04:10:33.600
36,"antenna, ghz, irs, wireless, antennas",16,2019-12-30 04:10:33.600
37,"manufacturing, path planning, path, process, process parameters",7,2019-12-30 04:10:33.600
38,"tissue, printing, hydrogel, scaffolds, bioprinting",13,2019-12-30 04:10:33.600
39,"reporting, animal research, arrive, legend, guidelines",4,2019-12-30 04:10:33.600
40,"heritage, creative, music, cultural, life goals",7,2019-12-30 04:10:33.600
41,"brain, gsr, neuromorphic, signal, google scholar",9,2019-12-30 04:10:33.600
42,"optical, soliton, filter, resonator, optical fibre",4,2019-12-30 04:10:33.600
43,"poverty, financial inclusion, housing, financial, vulnerability poverty",2,2019-12-30 04:10:33.600
44,"corruption, populist, populism, autocratic, political",5,2019-12-30 04:10:33.600
45,"dft, electronic structure, density, chemistry, electronic",9,2019-12-30 04:10:33.600
46,"quantum, classical, stochastic processes, machine learning, machine",6,2019-12-30 04:10:33.600
47,"social distancing, distancing, wireless, technologies, enforce social distancing",2,2019-12-30 04:10:33.600
48,"battery, soc, estimation, ion, soc estimation",4,2019-12-30 04:10:33.600
49,"positioning, indoor, indoor positioning, localization, tracking",5,2019-12-30 04:10:33.600
50,"law, jurisdiction, tax, commercial, workers",4,2019-12-30 04:10:33.600
51,"language, phrase, child language, children, language acquisition",3,2019-12-30 04:10:33.600
52,"perovskite, pscs, hysteresis, perovskite solar, perovskite solar cells",5,2019-12-30 04:10:33.600
53,"dust, dpm, sensors, underground, concentration",2,2019-12-30 04:10:33.600
54,"equivariant, filter, observer, equivariance, lie",3,2019-12-30 04:10:33.600
55,"matrices, nitrate, electrochemical, determination, overview",1,2019-12-30 04:10:33.600
56,"hertz, solutions, integrable, toda, solitons",2,2019-12-30 04:10:33.600
57,"frft, chaotic, encryption, image, based image",1,2019-12-30 04:10:33.600
58,"galloping, viv, harvester, energy harvesting, nonlinearity",3,2019-12-30 04:10:33.600
-1,"health, social, climate, covid, model",684,2020-07-01 14:24:00.000
0,"health, care, women, food, interventions",169,2020-07-01 14:24:00.000
1,"species, carbon, conservation, marine, coral",109,2020-07-01 14:24:00.000
2,"image, images, deep, learning, features",56,2020-07-01 14:24:00.000
3,"eeg, learning, machine, feature, model",71,2020-07-01 14:24:00.000
4,"energy, electricity, urban, thermal, renewable",56,2020-07-01 14:24:00.000
5,"tourism, findings, employees, social, job",74,2020-07-01 14:24:00.000
6,"training, injury, knee, athletes, joint",63,2020-07-01 14:24:00.000
7,"water, soil, lethal, plant, lai",74,2020-07-01 14:24:00.000
8,"construction, csr, supply, sustainability, supply chain",42,2020-07-01 14:24:00.000
9,"students, education, learning, teaching, teachers",36,2020-07-01 14:24:00.000
10,"code, learning, detection, iot, attacks",42,2020-07-01 14:24:00.000
11,"micp, torrefaction, fuel, production, biodiesel",16,2020-07-01 14:24:00.000
12,"covid, pandemic, health, vaccine, care",51,2020-07-01 14:24:00.000
13,"asthma, scholar, google, google scholar, pubmed",35,2020-07-01 14:24:00.000
14,"blockchain, edge, iot, security, privacy",39,2020-07-01 14:24:00.000
15,"urban, cities, smart, city, transport",37,2020-07-01 14:24:00.000
16,"farmers, agricultural, farm, production, methane",22,2020-07-01 14:24:00.000
17,"controller, motion, vehicle, tracking, event triggered",15,2020-07-01 14:24:00.000
18,"graph, recommender, recommendation, user, recommender systems",18,2020-07-01 14:24:00.000
19,"batteries, photocatalytic, metal, energy, sodium",14,2020-07-01 14:24:00.000
20,"mml, galaxies, mml mml, redshift, star",17,2020-07-01 14:24:00.000
21,"power, voltage, inertia, grid, frequency",29,2020-07-01 14:24:00.000
22,"hotel, chatbots, ethical, robots, chatbot",6,2020-07-01 14:24:00.000
23,"ice, ocean, sea, tropomi, atmospheric",23,2020-07-01 14:24:00.000
24,"soft, mxene, sensors, spa, wearable",7,2020-07-01 14:24:00.000
25,"plastic, plastics, mps, microplastics, pollution",10,2020-07-01 14:24:00.000
26,"flow, magnetic, dynamo, energy, turbulent",10,2020-07-01 14:24:00.000
27,"algorithm, tex math, inline formula, tex, inline",8,2020-07-01 14:24:00.000
28,"women, gender, police, media, news",17,2020-07-01 14:24:00.000
29,"financial, banks, stock, market, islamic",9,2020-07-01 14:24:00.000
30,"resistance, genes, bacterial, genetic, qtl",15,2020-07-01 14:24:00.000
31,"archaeological, polynesia, ancient, cave, island",18,2020-07-01 14:24:00.000
32,"acoustic, evolutionary, populations, sound, genetic",10,2020-07-01 14:24:00.000
33,"alcohol, cannabis, tobacco, gambling, smoking",12,2020-07-01 14:24:00.000
34,"virtual, reality, virtual reality, gui, training",12,2020-07-01 14:24:00.000
35,"moment, bending, crippling, dsm, finite element",6,2020-07-01 14:24:00.000
36,"beamforming, antenna, mimo, communication, channel",10,2020-07-01 14:24:00.000
37,"manufacturing, additive manufacturing, industry, production, additive",8,2020-07-01 14:24:00.000
38,"printing, scaffolds, bone, drug, tissue",8,2020-07-01 14:24:00.000
39,"arrive, reporting, animal, animal research, guidelines",17,2020-07-01 14:24:00.000
40,"heritage, cultural, music, repositories, heritage conservation",6,2020-07-01 14:24:00.000
41,"brain, memory, neuromorphic, google scholar, scholar",9,2020-07-01 14:24:00.000
42,"mir, perceptron, optical, ultra high, throughput",4,2020-07-01 14:24:00.000
43,"housing, financialisation, social housing, homelessness, restructuring",4,2020-07-01 14:24:00.000
44,"attach, democratic, indonesia, democracy, president",4,2020-07-01 14:24:00.000
45,"nuclear, non equilibrium, equilibrium, molecular, non",4,2020-07-01 14:24:00.000
46,"quantum, walker, becs, classical, evolution",7,2020-07-01 14:24:00.000
47,"mass personalization, personalization, digital twin, twin, mass",2,2020-07-01 14:24:00.000
48,"battery, soc, soc estimation, estimation, charge soc",2,2020-07-01 14:24:00.000
49,"localization, device free, localization tracking, positioning, indoor",3,2020-07-01 14:24:00.000
50,"equal, tax, labour, income, labour market",3,2020-07-01 14:24:00.000
51,"language, children, mle, sld, parents",2,2020-07-01 14:24:00.000
52,"perovskites, perovskite, photocatalysis, pscs, pce",3,2020-07-01 14:24:00.000
53,"dust, psd, abl, dependent, probability distribution",1,2020-07-01 14:24:00.000
54,"equivariant, symmetry, filter, homogeneous, posed",1,2020-07-01 14:24:00.000
57,"chaotic, encryption, image, image encryption, encrypted",4,2020-07-01 14:24:00.000
58,"rotor, energy harvesting, rotational, energy, devices",2,2020-07-01 14:24:00.000
-1,"health, model, social, learning, covid",792,2020-12-31 04:48:00.000
0,"health, care, women, food, included",198,2020-12-31 04:48:00.000
1,"species, ocean, mml, marine, carbon",126,2020-12-31 04:48:00.000
2,"images, image, learning, detection, segmentation",127,2020-12-31 04:48:00.000
3,"models, model, learning, prediction, machine",93,2020-12-31 04:48:00.000
4,"energy, electricity, emissions, solar, economic",72,2020-12-31 04:48:00.000
5,"tourism, brand, employees, marketing, findings",91,2020-12-31 04:48:00.000
6,"force, training, athletes, knee, players",68,2020-12-31 04:48:00.000
7,"water, soil, plant, river, climate",60,2020-12-31 04:48:00.000
8,"construction, supply, bim, sustainability, supply chain",66,2020-12-31 04:48:00.000
9,"students, teachers, education, learning, teaching",42,2020-12-31 04:48:00.000
10,"learning, detection, attacks, model, federated",54,2020-12-31 04:48:00.000
11,"membrane, waste, wastewater, bio, oil",32,2020-12-31 04:48:00.000
12,"covid, health, vaccine, pandemic, cases",53,2020-12-31 04:48:00.000
13,"disaster, exposure, mortality, severity, health",37,2020-12-31 04:48:00.000
14,"blockchain, iot, edge, security, cloud",51,2020-12-31 04:48:00.000
15,"urban, cities, city, smart, transport",32,2020-12-31 04:48:00.000
16,"farm, farmers, production, methane, agricultural",33,2020-12-31 04:48:00.000
17,"motion, vibration, controller, vehicle, model",44,2020-12-31 04:48:00.000
18,"graph, recommendation, user, users, networks",31,2020-12-31 04:48:00.000
19,"batteries, energy, photocatalysis, ammonia, materials",15,2020-12-31 04:48:00.000
20,"mml, star, black, galaxies, mml mml",24,2020-12-31 04:48:00.000
21,"power, voltage, frequency, grid, inertia",27,2020-12-31 04:48:00.000
22,"robots, human, human aspects, robot, ethical",13,2020-12-31 04:48:00.000
23,"ice, ocean, sea, cloud, hcho",17,2020-12-31 04:48:00.000
24,"wearable, soft, sensors, materials, flexible",25,2020-12-31 04:48:00.000
25,"plastic, microplastics, mps, water, pollution",13,2020-12-31 04:48:00.000
26,"magnetic, flow, turbulent, fluid, plasma",16,2020-12-31 04:48:00.000
27,"algorithm, optimization, problems, inertia weight, algorithms",13,2020-12-31 04:48:00.000
28,"news, facebook, google, code, media",17,2020-12-31 04:48:00.000
29,"banks, stock, financial, market, fintech",20,2020-12-31 04:48:00.000
30,"breeding, genetic, flowering, genes, gene",16,2020-12-31 04:48:00.000
31,"shell, deposits, archaeological, island, southeast asia",10,2020-12-31 04:48:00.000
32,"acoustic, species, sound, animals, wildlife",20,2020-12-31 04:48:00.000
33,"gambling, alcohol, smokers, cannabis, ssb",15,2020-12-31 04:48:00.000
34,"gui, face, cybersickness, virtual, ivr",7,2020-12-31 04:48:00.000
35,"moment, connections, geotextile, lateral, connection",7,2020-12-31 04:48:00.000
36,"antenna, mimo, antennas, communication, ghz",18,2020-12-31 04:48:00.000
37,"powder, manufacturing, process, cutting, alloys",7,2020-12-31 04:48:00.000
38,"delivery, isf, bone, printing, imaging",10,2020-12-31 04:48:00.000
39,"prisma, statement, checklist, reporting, prediction markets",12,2020-12-31 04:48:00.000
40,"cultural, heritage, venues, music, value",7,2020-12-31 04:48:00.000
41,"google scholar, scholar, google, crossref, crossref pubmed",6,2020-12-31 04:48:00.000
42,"optical, metasurfaces, photonic, waveguides, films",6,2020-12-31 04:48:00.000
43,"housing, household, village, rural, real estate",10,2020-12-31 04:48:00.000
44,"populism, political, nuclear, populist, parties",8,2020-12-31 04:48:00.000
45,"energies, multiresolution, cam, kcal, amorphous",4,2020-12-31 04:48:00.000
46,"quantum, free energy, free energy principle, energy principle, free",2,2020-12-31 04:48:00.000
47,"digital twins, twins, digital, assisted living, ambient",4,2020-12-31 04:48:00.000
48,"battery, estimation, soc, soc estimation, ion",5,2020-12-31 04:48:00.000
49,"positioning, receiver, biases, clock, indoor",5,2020-12-31 04:48:00.000
50,"tax, jurisdiction, taxation, workers, taxing",4,2020-12-31 04:48:00.000
51,"reading, children, skills, grade, language",2,2020-12-31 04:48:00.000
52,"perovskite, perovskite solar, perovskite solar cells, solar cells, solar",1,2020-12-31 04:48:00.000
53,"solar panel, dust, panel, solar, cleaning",1,2020-12-31 04:48:00.000
54,"equivariant, lie, filter, lie group, equivariance",1,2020-12-31 04:48:00.000
55,"biosensors, pathogen detection, electrochemical, disease, pathogen",3,2020-12-31 04:48:00.000
56,"waves, equation, nonlinear, structures, equations",1,2020-12-31 04:48:00.000
57,"chaotic, encryption, image encryption, synchronization, image",3,2020-12-31 04:48:00.000
58,"harvester, aeroelastic, energy harvesting, base, galloping",1,2020-12-31 04:48:00.000
-1,"health, social, model, methods, development",567,2021-07-01 19:12:00.000
0,"health, care, food, children, women",124,2021-07-01 19:12:00.000
1,"species, climate, carbon, ecosystem, marine",89,2021-07-01 19:12:00.000
2,"image, images, deep, detection, learning",66,2021-07-01 19:12:00.000
3,"prediction, learning, models, model, machine",67,2021-07-01 19:12:00.000
4,"energy, solar, electricity, storage, hydrogen",54,2021-07-01 19:12:00.000
5,"tourism, consumers, tourists, marketing, consumer",75,2021-07-01 19:12:00.000
6,"force, injury, training, sport, athletes",51,2021-07-01 19:12:00.000
7,"water, soil, plant, vegetation, climate",39,2021-07-01 19:12:00.000
8,"construction, bim, supply, chain, industry",58,2021-07-01 19:12:00.000
9,"students, education, learning, feedback, dropout",17,2021-07-01 19:12:00.000
10,"learning, detection, attack, attacks, model",33,2021-07-01 19:12:00.000
11,"biodiesel, hydrogen, production, oil, storage",33,2021-07-01 19:12:00.000
12,"vaccine, covid, cov, sars cov, sars",33,2021-07-01 19:12:00.000
13,"wildfire, temperature, exposure, climate, mortality",25,2021-07-01 19:12:00.000
14,"blockchain, edge, iot, security, iiot",40,2021-07-01 19:12:00.000
15,"parking, city, urban, smart, cities",17,2021-07-01 19:12:00.000
16,"farmers, production, farm, livestock, dss",24,2021-07-01 19:12:00.000
17,"motion, vibration, beam, observer, controller",30,2021-07-01 19:12:00.000
18,"user, graph, recommendation, users, item",22,2021-07-01 19:12:00.000
19,"catalysts, batteries, atom, reaction, metal",20,2021-07-01 19:12:00.000
20,"mml, star, mass, mml mml, spacetime",19,2021-07-01 19:12:00.000
21,"inertia, power, voltage, grid, frequency",15,2021-07-01 19:12:00.000
22,"robots, lcd, chatbot, ethical, service",14,2021-07-01 19:12:00.000
23,"upwelling, ocean, ice, sea, coast",16,2021-07-01 19:12:00.000
24,"soft, wearable, materials, graphene, sensors",20,2021-07-01 19:12:00.000
25,"mps, pyrolysis, microplastics, marine debris, plastic",6,2021-07-01 19:12:00.000
26,"flow, magnetic, turbulent, shear, nozzle",19,2021-07-01 19:12:00.000
27,"optimization, algorithm, problems, mfo, algorithms",11,2021-07-01 19:12:00.000
28,"sex, sex workers, media, harassment, journalists",9,2021-07-01 19:12:00.000
29,"banks, market, financial, islamic, banking",12,2021-07-01 19:12:00.000
30,"resistance, bacterial, microbial, excreta, dmi",8,2021-07-01 19:12:00.000
31,"sea level, dna, sea, archaeological, impact sea level",3,2021-07-01 19:12:00.000
32,"sound levels, sound, soundscapes, soundscape, acoustic",4,2021-07-01 19:12:00.000
33,"cannabis, alcohol, gambling, tobacco, cannabis use",11,2021-07-01 19:12:00.000
34,"virtual, reality, eye, virtual reality, training",5,2021-07-01 19:12:00.000
35,"seismic, foundation, element, crippling, displacements",9,2021-07-01 19:12:00.000
36,"communication, antenna, antennas, sensing, communications",12,2021-07-01 19:12:00.000
37,"manufacturing, additive manufacturing, additive, machine tools, industry",8,2021-07-01 19:12:00.000
38,"printing, microneedle, drug, delivery, holography",6,2021-07-01 19:12:00.000
39,"prisma, flow diagrams, diagrams, reporting, systematic",5,2021-07-01 19:12:00.000
40,"heritage, cultural, cultural heritage, waterfront, cultural learning",6,2021-07-01 19:12:00.000
41,"blankets, markov blankets, markov, hubs, brain",4,2021-07-01 19:12:00.000
42,"lcp, rcp, polarization, optical, phase",2,2021-07-01 19:12:00.000
43,"housing, villages, retirement villages, retirement, homeless",6,2021-07-01 19:12:00.000
44,"silk, bri, democracy, roads, islamic",5,2021-07-01 19:12:00.000
45,"nanotechnology, gpus, discontinuities, potential energy, energy surfaces",5,2021-07-01 19:12:00.000
46,"quantum, becs, gibbs, classical, gibbs state",5,2021-07-01 19:12:00.000
47,"digital twin, twin, digital, digital twin technology, twin technology",1,2021-07-01 19:12:00.000
48,"battery, estimation, ion, sop, ion batteries",3,2021-07-01 19:12:00.000
49,"positioning, rtk, gnss, leo, ppp",3,2021-07-01 19:12:00.000
50,"bans, labour, migration, workers, primarily motivated",1,2021-07-01 19:12:00.000
51,"cross linguistic, reading, awareness, linguistic, naming",2,2021-07-01 19:12:00.000
52,"perovskite, pscs, photovoltaic, conversion, perovskite solar",2,2021-07-01 19:12:00.000
54,"equivariant, symmetry, filter, homogeneous, lie group",2,2021-07-01 19:12:00.000
55,"nanostructured, gas sensing, sensing technologies, room temperature, gas",1,2021-07-01 19:12:00.000
56,"asymmetric, waves, nonlinear, wave, lee",1,2021-07-01 19:12:00.000
58,"energy harvesting, fiv, harvesting, circuits, cubic",2,2021-07-01 19:12:00.000
-1,"health, model, global, learning, management",770,2021-12-31 09:36:00.000
0,"health, food, care, women, included",187,2021-12-31 09:36:00.000
1,"carbon, species, climate, change, marine",83,2021-12-31 09:36:00.000
2,"images, image, learning, detection, deep",123,2021-12-31 09:36:00.000
3,"model, models, learning, prediction, accuracy",93,2021-12-31 09:36:00.000
4,"energy, emissions, waste, solar, electricity",76,2021-12-31 09:36:00.000
5,"tourism, consumers, marketing, findings, value",93,2021-12-31 09:36:00.000
6,"knee, training, players, acceleration, athletes",74,2021-12-31 09:36:00.000
7,"water, soil, mml, plant, hydrological",56,2021-12-31 09:36:00.000
8,"construction, industry, sustainability, firms, supply",76,2021-12-31 09:36:00.000
9,"education, students, learning, teaching, teachers",40,2021-12-31 09:36:00.000
10,"learning, attacks, detection, iot, clients",49,2021-12-31 09:36:00.000
11,"biodiesel, fuel, production, diesel, waste",40,2021-12-31 09:36:00.000
12,"covid, vaccine, pandemic, malaria, health",42,2021-12-31 09:36:00.000
13,"mortality, exposure, wildfire, disaster, air",34,2021-12-31 09:36:00.000
14,"blockchain, iot, edge, cloud, computing",39,2021-12-31 09:36:00.000
15,"urban, cities, city, smart, transport",25,2021-12-31 09:36:00.000
16,"farmers, production, farm, food, farming",22,2021-12-31 09:36:00.000
17,"controller, vibration, tracking, motion, vehicle",30,2021-12-31 09:36:00.000
18,"graph, user, recommendation, learning, gnns",39,2021-12-31 09:36:00.000
19,"energy, batteries, photocatalytic, electrocatalysts, zno",19,2021-12-31 09:36:00.000
20,"mml, mml mml, mml mrow, mrow mml, mml mrow mml",23,2021-12-31 09:36:00.000
21,"power, voltage, grid, inverter, reactive power",19,2021-12-31 09:36:00.000
22,"fairness, explanations, intelligence, artificial intelligence, human",23,2021-12-31 09:36:00.000
23,"ice, ocean, sea, sea ice, atmospheric",24,2021-12-31 09:36:00.000
24,"sensors, soft, hand, wearable, orthoses",7,2021-12-31 09:36:00.000
25,"scholar, google scholar, scopus google scholar, scopus google, crossref",11,2021-12-31 09:36:00.000
26,"flow, fluid, magnetic, turbulent, turbulence",19,2021-12-31 09:36:00.000
27,"optimization, algorithm, problems, algorithms, uav",18,2021-12-31 09:36:00.000
28,"trans, gender, crime, media, platform",11,2021-12-31 09:36:00.000
29,"banks, beta, lending, banking, financial",15,2021-12-31 09:36:00.000
30,"genes, genetic, genomic, microbial, breeding",14,2021-12-31 09:36:00.000
31,"archaeological, neolithic, island, language, languages",15,2021-12-31 09:36:00.000
32,"sound, individuals, gps, noise, telomere",11,2021-12-31 09:36:00.000
33,"gambling, tobacco, smoking, alcohol, loot",9,2021-12-31 09:36:00.000
34,"reality, gaze, virtual, eye, extended reality",13,2021-12-31 09:36:00.000
35,"segmental, seismic, columns, precast, conical",7,2021-12-31 09:36:00.000
36,"antenna, antennas, wireless, communication, cubesat",11,2021-12-31 09:36:00.000
37,"manufacturing, industry, additive, additive manufacturing, process",10,2021-12-31 09:36:00.000
38,"printing, scaffolds, tissue, bone, cell",6,2021-12-31 09:36:00.000
39,"reporting, meta, statistical, flow diagrams, preprocessing",9,2021-12-31 09:36:00.000
40,"cultural, heritage, cultural policy, creative, museum",5,2021-12-31 09:36:00.000
41,"google scholar, scholar, crossref, google, crossref pubmed",9,2021-12-31 09:36:00.000
42,"optical, metasurfaces, photonic, device, light",6,2021-12-31 09:36:00.000
43,"housing, province, poverty, urban, county",3,2021-12-31 09:36:00.000
44,"populist, politics, environmental politics, thailand, populism",4,2021-12-31 09:36:00.000
45,"discontinuities, materials, materials science, potential energy, energy surfaces",5,2021-12-31 09:36:00.000
46,"quantum, quantum circuits, cavity, classical, circuits",4,2021-12-31 09:36:00.000
47,"cns, twin, twins, digital, digital twins",5,2021-12-31 09:36:00.000
48,"battery, soc, estimation, soc estimation, ion",5,2021-12-31 09:36:00.000
49,"positioning, pod, indoor positioning, cubesats, indoor",2,2021-12-31 09:36:00.000
50,"tax, law, workers, taxation, labour",5,2021-12-31 09:36:00.000
51,"language, children, young, digital, dld",3,2021-12-31 09:36:00.000
52,"perovskite, tandem, cell, electron, device",3,2021-12-31 09:36:00.000
53,"dust, airflow, air, particulate matter, ventilation",2,2021-12-31 09:36:00.000
54,"tangent, bundle, equivariant, symmetry, group",1,2021-12-31 09:36:00.000
55,"milk, analytes, electrochemical, review covers, compounds",1,2021-12-31 09:36:00.000
56,"wave, solutions, travelling, solitary, travelling wave",1,2021-12-31 09:36:00.000
57,"cipher, chaotic, encryption, image, image encryption",1,2021-12-31 09:36:00.000
-1,"health, global, change, climate, development",494,2022-07-02 00:00:00.000
0,"health, food, care, women, quality",82,2022-07-02 00:00:00.000
1,"species, ecosystem, carbon, climate, ocean",90,2022-07-02 00:00:00.000
2,"images, image, deep, learning, segmentation",57,2022-07-02 00:00:00.000
3,"model, models, prediction, machine, learning",46,2022-07-02 00:00:00.000
4,"energy, renewable, emissions, solar, renewable energy",77,2022-07-02 00:00:00.000
5,"tourism, marketing, consumers, findings, sharing",52,2022-07-02 00:00:00.000
6,"knee, injury, force, training, gait",52,2022-07-02 00:00:00.000
7,"water, dormancy, soil, leaf, plant",35,2022-07-02 00:00:00.000
8,"firms, construction, supply, green, supply chain",64,2022-07-02 00:00:00.000
9,"students, education, learning, student, teachers",43,2022-07-02 00:00:00.000
10,"learning, attacks, malware, detection, federated",25,2022-07-02 00:00:00.000
11,"diesel, biodiesel, pyrolysis, oil, fuel",20,2022-07-02 00:00:00.000
12,"covid, sars cov, cov, sars, malaria",22,2022-07-02 00:00:00.000
13,"disaster, wildfire, charcoal, health, climate",14,2022-07-02 00:00:00.000
14,"blockchain, blockchain technology, security, iot, computing",17,2022-07-02 00:00:00.000
15,"urban, cities, smart, city, smart cities",15,2022-07-02 00:00:00.000
16,"farm, farmers, production, crop, climate",19,2022-07-02 00:00:00.000
17,"vehicle, motion, controller, dynamic, stability",14,2022-07-02 00:00:00.000
18,"graph, recommendation, user, item, users",13,2022-07-02 00:00:00.000
19,"batteries, materials, energy, electrode, catalysts",15,2022-07-02 00:00:00.000
20,"mml, mml mml, star, galaxy, stellar",21,2022-07-02 00:00:00.000
21,"grid, power, inertia, frequency, voltage",12,2022-07-02 00:00:00.000
22,"service, interpretability, ethical, service failure, artificial intelligence",10,2022-07-02 00:00:00.000
23,"ice, sea, sea ice, ocean, atmospheric",9,2022-07-02 00:00:00.000
24,"wearable, graphene, sensors, soft, flexible",19,2022-07-02 00:00:00.000
25,"plastic, plastics, microplastics, cecs, gal",9,2022-07-02 00:00:00.000
26,"mixing, flow, fluid, turbulence, particle",21,2022-07-02 00:00:00.000
27,"optimization, algorithm, algorithms, problems, optimization problems",12,2022-07-02 00:00:00.000
28,"gender, women, media, social, social media",13,2022-07-02 00:00:00.000
29,"banks, financial, bank, monetary policy, banking",11,2022-07-02 00:00:00.000
30,"genes, breeding, gene, genetic, resistance",9,2022-07-02 00:00:00.000
31,"languages, years ago, eruption, ago, linguistic",11,2022-07-02 00:00:00.000
32,"viviparity, gps, morphs, sampling, reproductive",6,2022-07-02 00:00:00.000
33,"tobacco, alcohol, gambling, cannabis, smoking",9,2022-07-02 00:00:00.000
34,"reality, virtual, immersive, gaze, virtual reality",7,2022-07-02 00:00:00.000
35,"structures, foundation, seismic, moment, columns",11,2022-07-02 00:00:00.000
36,"antenna, communications, communication, wireless, beamforming",7,2022-07-02 00:00:00.000
37,"manufacturing, industry, manufacturing operations, operations, revolution",4,2022-07-02 00:00:00.000
38,"bone, biomaterials, scaffolds, psa, biomedical",6,2022-07-02 00:00:00.000
39,"reporting, reproducibility, prisma, researchers, template",5,2022-07-02 00:00:00.000
40,"heritage, creativity, intangible, heritage conservation, cultural",4,2022-07-02 00:00:00.000
41,"brain, modalities, mri, hierarchy, neuromorphic",5,2022-07-02 00:00:00.000
42,"optical, photonic, fiber, optics, nonlinear",8,2022-07-02 00:00:00.000
43,"housing, ground, rural, urban rural, urban",5,2022-07-02 00:00:00.000
44,"civilizational, populism, civilization, populist, political",4,2022-07-02 00:00:00.000
45,"mathrm, rho mathrm, ensuremath, rho, functionals",5,2022-07-02 00:00:00.000
46,"quantum, qubit, chip, multi product, circuit",3,2022-07-02 00:00:00.000
47,"digital twins, twins, healthcare, digital, digital twin",5,2022-07-02 00:00:00.000
48,"battery, branch, estimation, estimate, temperature",2,2022-07-02 00:00:00.000
51,"children, digital, young children, literacy, parents",2,2022-07-02 00:00:00.000
53,"dust, emission, sources, source area, area",1,2022-07-02 00:00:00.000
54,"equivariant, filter, equivariance, symmetry, lie group",2,2022-07-02 00:00:00.000
55,"biosensors, electrochemical, electrochemical biosensors, biosensor, detection",2,2022-07-02 00:00:00.000
56,"wave, solitary, solutions, waves, solitary waves",2,2022-07-02 00:00:00.000
58,"harvesters, vibrations, vibrational, electromagnetic, wireless sensors",1,2022-07-02 00:00:00.000
-1,"health, model, learning, social, development",777,2022-12-31 14:24:00.000
0,"health, food, care, interventions, women",179,2022-12-31 14:24:00.000
1,"species, conservation, carbon, climate, marine",124,2022-12-31 14:24:00.000
2,"images, image, detection, learning, deep",104,2022-12-31 14:24:00.000
3,"model, learning, machine, models, prediction",91,2022-12-31 14:24:00.000
4,"energy, renewable, hydrogen, carbon, waste",98,2022-12-31 14:24:00.000
5,"tourism, marketing, social, organizational, consumers",70,2022-12-31 14:24:00.000
6,"athletes, force, knee, sprint, training",63,2022-12-31 14:24:00.000
7,"water, soil, vegetation, drought, plant",65,2022-12-31 14:24:00.000
8,"construction, green, sustainability, firms, supply",69,2022-12-31 14:24:00.000
9,"education, students, learning, teachers, teaching",52,2022-12-31 14:24:00.000
10,"learning, detection, cyber, model, federated",44,2022-12-31 14:24:00.000
11,"hydrogen, production, diesel, biomass, concrete",62,2022-12-31 14:24:00.000
12,"covid, pandemic, sars cov, cov, sars",24,2022-12-31 14:24:00.000
13,"disaster, exposure, wildfire, health, risk",36,2022-12-31 14:24:00.000
14,"blockchain, cloud, computing, edge, privacy",20,2022-12-31 14:24:00.000
15,"urban, cities, smart, city, smart city",28,2022-12-31 14:24:00.000
16,"farmers, farm, production, agricultural, agriculture",32,2022-12-31 14:24:00.000
17,"vehicle, motion, vibration, controller, model",24,2022-12-31 14:24:00.000
18,"graph, user, recommendation, learning, users",27,2022-12-31 14:24:00.000
19,"ammonia, sacs, energy, reaction, batteries",31,2022-12-31 14:24:00.000
20,"mml, mml mml, mml mrow, mml mrow mml, mrow mml",17,2022-12-31 14:24:00.000
21,"power, voltage, grid, tracking, inverter",18,2022-12-31 14:24:00.000
22,"chatgpt, intelligence, human, artificial intelligence, artificial",24,2022-12-31 14:24:00.000
23,"ice, sea, sea ice, ocean, atmospheric",22,2022-12-31 14:24:00.000
24,"soft, materials, wearable, sensors, robotic",16,2022-12-31 14:24:00.000
25,"plastic, microplastics, mps, microplastic, pollution",30,2022-12-31 14:24:00.000
26,"magnetic, flow, mathrm, ell, turbulent",15,2022-12-31 14:24:00.000
27,"algorithm, optimization, problems, algorithms, pso",17,2022-12-31 14:24:00.000
28,"women, tiktok, news, social, media",18,2022-12-31 14:24:00.000
29,"forecasts, banking, financial, banks, market",12,2022-12-31 14:24:00.000
30,"microbial, genes, soil, bacterial, communities",14,2022-12-31 14:24:00.000
31,"languages, fossil, late, archaeological, fossils",10,2022-12-31 14:24:00.000
32,"acoustic, telomerase, song, species, sound",13,2022-12-31 14:24:00.000
33,"alcohol, cannabis, gambling, cannabis use, tobacco",7,2022-12-31 14:24:00.000
34,"training, virtual, reality, virtual reality, cybersickness",10,2022-12-31 14:24:00.000
35,"moment, columns, column, offshore, element",15,2022-12-31 14:24:00.000
36,"uav, uavs, uav networks, multiple access, ris",3,2022-12-31 14:24:00.000
37,"manufacturing, additive, subtractive, additive manufacturing, process",10,2022-12-31 14:24:00.000
38,"bone, printing, fabrication, scaffolds, tissue",11,2022-12-31 14:24:00.000
39,"open science, science practices, open, graphs, science",2,2022-12-31 14:24:00.000
40,"heritage, world, cultural, hemispheric, creative",8,2022-12-31 14:24:00.000
41,"brain, parcellations, functional, fmri, google scholar",10,2022-12-31 14:24:00.000
42,"optical, photonic, nonlinear, thz, integrated photonic",8,2022-12-31 14:24:00.000
43,"housing, rural, development, village, villages",11,2022-12-31 14:24:00.000
44,"political, political risk, civilizational, populism, populist",10,2022-12-31 14:24:00.000
45,"nanocrystals, synthesis, inverse design, robotic platform, robotic",3,2022-12-31 14:24:00.000
46,"quantum, pulsing, software, hamiltonian, tongues",5,2022-12-31 14:24:00.000
47,"rpm, monitoring, challenges trends, patient monitoring, patient",3,2022-12-31 14:24:00.000
48,"labelled samples, samples, labelled, unlabelled, number labelled",1,2022-12-31 14:24:00.000
49,"clock, frequency transfer, ionosphere, leo, positioning",2,2022-12-31 14:24:00.000
50,"labour, pics, workers, australia, shortage",2,2022-12-31 14:24:00.000
51,"digital, young, children, young children, bronfenbrenner",3,2022-12-31 14:24:00.000
52,"perovskite, perovskite solar, perovskite solar cells, solar cells, free",1,2022-12-31 14:24:00.000
53,"dust, coal, coal dust, rpe, rcs",4,2022-12-31 14:24:00.000
54,"equivariant, observer, symmetry, filter, inertial",4,2022-12-31 14:24:00.000
55,"biosensors, biosensor, environmental monitoring, electrochemical, sdgs",1,2022-12-31 14:24:00.000
56,"soliton, solutions, equation, wave, aae",2,2022-12-31 14:24:00.000
-1,"health, model, management, development, learning",478,2023-07-02 04:48:00.000
0,"health, care, resuscitation, food, outcomes",84,2023-07-02 04:48:00.000
1,"species, climate, carbon, marine, change",68,2023-07-02 04:48:00.000
2,"images, detection, image, learning, accuracy",60,2023-07-02 04:48:00.000
3,"learning, machine, model, models, machine learning",56,2023-07-02 04:48:00.000
4,"energy, renewable, electricity, emissions, hydrogen",85,2023-07-02 04:48:00.000
5,"tourism, consumers, leadership, marketing, employees",51,2023-07-02 04:48:00.000
6,"lea, knee, force, training, running",37,2023-07-02 04:48:00.000
7,"water, soil, flow, groundwater, plant",49,2023-07-02 04:48:00.000
8,"construction, firms, supply, sustainability, industry",44,2023-07-02 04:48:00.000
9,"education, students, learning, teachers, teaching",37,2023-07-02 04:48:00.000
10,"llms, learning, federated, detection, privacy",22,2023-07-02 04:48:00.000
11,"biomass, gas, production, hydrogen, fuel",44,2023-07-02 04:48:00.000
12,"prevalence, malaria, vaccine, covid, surveillance",13,2023-07-02 04:48:00.000
13,"climate, mortality, wildfire, heat, policing",13,2023-07-02 04:48:00.000
14,"blockchain, adversarial attack, cloud, preprocessing, task",6,2023-07-02 04:48:00.000
15,"urban, cities, city, smart, transportation",21,2023-07-02 04:48:00.000
16,"farmers, farm, production, climate, climate change",21,2023-07-02 04:48:00.000
17,"vibration, vibration control, vehicle, conveying, suspension",13,2023-07-02 04:48:00.000
18,"graph, recommendation, user, clustering, item",15,2023-07-02 04:48:00.000
19,"ammonia, metal, batteries, catalysts, reaction",19,2023-07-02 04:48:00.000
20,"mml, star, gravitational, black, galaxies",15,2023-07-02 04:48:00.000
21,"power, voltage, inertia, synchronous, ibrs",10,2023-07-02 04:48:00.000
22,"robots, service, chatbots, chatgpt, ethical",20,2023-07-02 04:48:00.000
23,"ice, rts, ozone, wave, surface",8,2023-07-02 04:48:00.000
24,"soft, wearable, sensors, capsules, gut",7,2023-07-02 04:48:00.000
25,"plastics, plastic, mps, microplastics, pollution",20,2023-07-02 04:48:00.000
26,"turbulent, flow, magnetic, turbulence, plasma",16,2023-07-02 04:48:00.000
27,"optimization, algorithm, algorithms, problems, gwo",11,2023-07-02 04:48:00.000
28,"citation, tfa, political, feminist, gender",4,2023-07-02 04:48:00.000
29,"fintech, banks, bitcoin, financial, pension",8,2023-07-02 04:48:00.000
30,"barley, haplotype, genes, figure, gene",4,2023-07-02 04:48:00.000
31,"kya, fossils, cave, lion, dating",3,2023-07-02 04:48:00.000
32,"nesting, acoustic, transmitters, evolution, animals",6,2023-07-02 04:48:00.000
33,"gambling, cannabis, alcohol, smoking, tobacco",8,2023-07-02 04:48:00.000
34,"training, gaze, reality, eye, safety training",8,2023-07-02 04:48:00.000
35,"moment, wind, beam, columns, buildings",9,2023-07-02 04:48:00.000
36,"noma, irs, networks, wireless, wireless networks",1,2023-07-02 04:48:00.000
37,"alloys, manufacturing, industry, alloy, process",9,2023-07-02 04:48:00.000
38,"drug, drug delivery, delivery, delivery systems, therapeutic",3,2023-07-02 04:48:00.000
39,"meta, reporting, bias, caim, meta analysis",5,2023-07-02 04:48:00.000
40,"creative, heritage, cultural, creativity, singing",5,2023-07-02 04:48:00.000
41,"neuromorphic, brain, graphene, memristive, graphene based",4,2023-07-02 04:48:00.000
42,"optical, fiber, metamaterials, photonic, wave",7,2023-07-02 04:48:00.000
43,"housing, financial inclusion, rural, home, inclusion",5,2023-07-02 04:48:00.000
44,"corruption, elections, australia, risks, security",2,2023-07-02 04:48:00.000
45,"calculations, electronic structure, molecular, structure, quantum chemistry",3,2023-07-02 04:48:00.000
46,"quantum, evolution, wave function, iomt, hamiltonian",3,2023-07-02 04:48:00.000
47,"knowledge, digital twin, digital, twin, knowledge graph",3,2023-07-02 04:48:00.000
48,"battery, estimation, soc, soc estimation, ion",5,2023-07-02 04:48:00.000
50,"employers, labour market, labour, workers, working poverty",1,2023-07-02 04:48:00.000
51,"children, digital, children brain, digital use, brain development",1,2023-07-02 04:48:00.000
53,"dust, soiling, zeta potential, zeta, lunar",3,2023-07-02 04:48:00.000
54,"homography, equivariant, velocity, group, observer",1,2023-07-02 04:48:00.000
55,"detection methods, electrochemical optical, nitrate, electrochemical, real time",1,2023-07-02 04:48:00.000
57,"medical, encryption, medical images, images, image encryption",1,2023-07-02 04:48:00.000
-1,"health, energy, development, model, global",723,2023-12-31 19:12:00.000
0,"health, food, interventions, included, care",150,2023-12-31 19:12:00.000
1,"species, carbon, climate, conservation, change",118,2023-12-31 19:12:00.000
2,"images, image, model, learning, features",85,2023-12-31 19:12:00.000
3,"model, models, learning, machine, accuracy",92,2023-12-31 19:12:00.000
4,"energy, renewable, hydrogen, renewable energy, emissions",127,2023-12-31 19:12:00.000
5,"tourism, brand, consumers, digital, findings",63,2023-12-31 19:12:00.000
6,"knee, force, injury, players, sport",49,2023-12-31 19:12:00.000
7,"water, soil, soc, biochar, climate",75,2023-12-31 19:12:00.000
8,"construction, firms, sustainability, green, industry",65,2023-12-31 19:12:00.000
9,"students, education, learning, teachers, teaching",56,2023-12-31 19:12:00.000
10,"llms, learning, detection, attacks, model",38,2023-12-31 19:12:00.000
11,"waste, biodiesel, production, hydrogen, membrane",68,2023-12-31 19:12:00.000
12,"malaria, covid, vaccine, health, tanzania",21,2023-12-31 19:12:00.000
13,"mortality, climate, health, exposure, wildfire",41,2023-12-31 19:12:00.000
14,"blockchain, iot, privacy, security, edge",10,2023-12-31 19:12:00.000
15,"urban, cities, city, smart, cycling",30,2023-12-31 19:12:00.000
16,"farmers, agricultural, csa, farm, climate",26,2023-12-31 19:12:00.000
17,"sliding, ballast, dynamic, track, mechanism",12,2023-12-31 19:12:00.000
18,"graph, recommendation, user, learning, users",23,2023-12-31 19:12:00.000
19,"reaction, metal, electrode, ammonia, energy",20,2023-12-31 19:12:00.000
20,"mml, mml mml, mrow mml, mml mrow mml, mml mrow",12,2023-12-31 19:12:00.000
21,"grid, power, inertia, voltage, stability",13,2023-12-31 19:12:00.000
22,"intelligence, artificial intelligence, chatgpt, artificial, chatbots",25,2023-12-31 19:12:00.000
23,"ice, sea, ocean, sea ice, atmospheric",14,2023-12-31 19:12:00.000
24,"mml, soft, wearable, mxene, materials",20,2023-12-31 19:12:00.000
25,"microplastics, plastic, mps, microplastic, contamination",32,2023-12-31 19:12:00.000
26,"energy, turbulence, fluid, flow, bead",12,2023-12-31 19:12:00.000
27,"algorithm, optimization, problems, scheduling, cec",15,2023-12-31 19:12:00.000
28,"women, gender, tiktok, transgender, media",11,2023-12-31 19:12:00.000
29,"fintech, banks, financial, bank, bitcoin",14,2023-12-31 19:12:00.000
30,"genes, gene, microbial, bacterial, diversity",11,2023-12-31 19:12:00.000
31,"deposits, deposit, archaeological, mantle, eruption",20,2023-12-31 19:12:00.000
32,"temperatures, body, acoustic, species, temperature",11,2023-12-31 19:12:00.000
33,"gambling, alcohol, cannabis, people, cigarette",8,2023-12-31 19:12:00.000
34,"touch, vicarious, sensations, movement, bodily",6,2023-12-31 19:12:00.000
35,"seismic, gsi, column, incident, seismic performance",5,2023-12-31 19:12:00.000
36,"aoi, urllc, uav, aided urllc, uav aided",1,2023-12-31 19:12:00.000
37,"manufacturing, lam, alloys, additive manufacturing, additive",7,2023-12-31 19:12:00.000
38,"drug, nanoparticles, peg, printing, drug delivery",5,2023-12-31 19:12:00.000
39,"open access, research outputs, open, abstracts, access",3,2023-12-31 19:12:00.000
40,"heritage, cultural, creative, cultural heritage, generative",14,2023-12-31 19:12:00.000
41,"brain, atlases, dementia, neuromorphic, synaptic",6,2023-12-31 19:12:00.000
42,"metasurfaces, optical, metamaterials, nonlinear, metasurface",5,2023-12-31 19:12:00.000
43,"financial inclusion, financial, inclusion, wash, housing",5,2023-12-31 19:12:00.000
44,"security, china, courts, political, maritime",7,2023-12-31 19:12:00.000
45,"molecular, homogenization, corrosion, computational, gpus",7,2023-12-31 19:12:00.000
46,"quantum, hamiltonian, quantum classical, classical, mechanics",4,2023-12-31 19:12:00.000
47,"digital, healthcare, digital twin, twin, digital twins",5,2023-12-31 19:12:00.000
48,"battery, rul, rul prediction, estimation, soc",3,2023-12-31 19:12:00.000
49,"indoor positioning, positioning, indoor, gnss, rtk",2,2023-12-31 19:12:00.000
50,"scrapping, taxation, workers, closure, inflation",2,2023-12-31 19:12:00.000
51,"literacy, digital, digital literacy, children, emergent",2,2023-12-31 19:12:00.000
52,"perovskite, pscs, perovskite solar, perovskites, perovskite solar cells",4,2023-12-31 19:12:00.000
53,"dust, duct, coal, heading, ventilation",2,2023-12-31 19:12:00.000
55,"chemical analysis, chemical, tes, charge transfer, charge",2,2023-12-31 19:12:00.000
56,"solitons, soliton, waves, solitary, solitary waves",2,2023-12-31 19:12:00.000
58,"energy harvesting, harvesting, energy, offshore, damping",1,2023-12-31 19:12:00.000
-1,"energy, health, model, management, global",234,2024-07-01 09:36:00.000
0,"health, food, cvd, cost, physical",36,2024-07-01 09:36:00.000
1,"species, climate, marine, conservation, change",34,2024-07-01 09:36:00.000
2,"detection, images, image, model, deep",14,2024-07-01 09:36:00.000
3,"models, model, learning, forecasting, accuracy",34,2024-07-01 09:36:00.000
4,"energy, renewable, solar, hydrogen, renewable energy",39,2024-07-01 09:36:00.000
5,"tourism, volunteer, destination, role, consumers",31,2024-07-01 09:36:00.000
6,"force, knee, fatigue, training, jump",36,2024-07-01 09:36:00.000
7,"water, soil, biochar, carbon, forest",18,2024-07-01 09:36:00.000
8,"labor, investment labor, investment, firm, osc",11,2024-07-01 09:36:00.000
9,"education, students, learning, teaching, student",23,2024-07-01 09:36:00.000
10,"detection, learning, forensic, fraud, llms",16,2024-07-01 09:36:00.000
11,"production, carbonation, biodiesel, oil, properties",23,2024-07-01 09:36:00.000
12,"amr, antimicrobial, veterinarians, dengue, lao",7,2024-07-01 09:36:00.000
13,"worried, mmt, climate, heat, defensible",8,2024-07-01 09:36:00.000
14,"blockchain, computing, bct, cloud, edge",5,2024-07-01 09:36:00.000
15,"urban, cities, geospatial technologies, ugs, geospatial",7,2024-07-01 09:36:00.000
16,"farmers, agricultural, production, rice, meat",11,2024-07-01 09:36:00.000
17,"ring, vibrating ring, gravity, semi active, magnets",6,2024-07-01 09:36:00.000
18,"graph, recommendation, clustering, learning, knn",7,2024-07-01 09:36:00.000
19,"batteries, energy, sodium, materials, ion",13,2024-07-01 09:36:00.000
20,"lorentz, invariant, lorentz invariant, mml, horizons",5,2024-07-01 09:36:00.000
21,"power, inertia, woa, frequency, mppt",4,2024-07-01 09:36:00.000
22,"chatgpt, intelligence, ethical, artificial intelligence, artificial",5,2024-07-01 09:36:00.000
23,"ocean, swot, waves, sea, cheng",2,2024-07-01 09:36:00.000
24,"soft, wearable, mofs, graphene, mechanical",9,2024-07-01 09:36:00.000
25,"microplastics, microplastic, plastic, mps, sludge",9,2024-07-01 09:36:00.000
26,"turbulent, flow, vortex, frame, ion",7,2024-07-01 09:36:00.000
27,"algorithm, uav, optimization, problems, path planning",6,2024-07-01 09:36:00.000
28,"crime, gender, women, music, concentration",6,2024-07-01 09:36:00.000
29,"stock, investment, financial, fintech, connectedness",9,2024-07-01 09:36:00.000
30,"microbiota, soil microbiota, microbial, genomic, restoration",8,2024-07-01 09:36:00.000
31,"zircon, hematite, deposits, margin, ore",4,2024-07-01 09:36:00.000
32,"fish, ecoacoustics, acoustic, soil, soil biodiversity",3,2024-07-01 09:36:00.000
33,"gambling, alcohol, tobacco, alcohol industry, cigarettes",7,2024-07-01 09:36:00.000
34,"similarity, gpt, reality, color, llms",2,2024-07-01 09:36:00.000
35,"collapse, seismic, frame, buildings, riser",4,2024-07-01 09:36:00.000
36,"drs, mode, calculating, microwave, coupling",1,2024-07-01 09:36:00.000
37,"manufacturing, printing, smart manufacturing, reconfiguration, manufacturing systems",7,2024-07-01 09:36:00.000
38,"stimuli, stimuli responsive, polymeric, polymers, responsive",1,2024-07-01 09:36:00.000
39,"prisma, lsr, replication, funding, endnote",5,2024-07-01 09:36:00.000
40,"heritage, cultural, buildings, designers, generative",4,2024-07-01 09:36:00.000
41,"synaptic, synapses, neuromorphic, optoelectronic, electric",2,2024-07-01 09:36:00.000
42,"optical, fiber, photonic, transversal, metasurfaces",5,2024-07-01 09:36:00.000
43,"housing, inequality, spending, households, household",2,2024-07-01 09:36:00.000
44,"indonesia, myanmar, state, revolutionary, situation",2,2024-07-01 09:36:00.000
45,"chemistry, technology, new technology, teaching learning, special issue",1,2024-07-01 09:36:00.000
47,"digital twins, twins, digital, construction, data security",1,2024-07-01 09:36:00.000
51,"ses, children, digital, mental health outcomes, digital media",1,2024-07-01 09:36:00.000
56,"dual, chiral, self, energy momentum densities, pulses based",1,2024-07-01 09:36:00.000
