{
  "0": {
    "theme": "Other",
    "confidence": 0.008770159784213088,
    "all_scores": {
      "Defense_Security": 0.0,
      "Autonomous_Systems": 0.0,
      "Cybersecurity": 0.008770159784213088,
      "Energy_Sustainability": 0.0,
      "Advanced_Manufacturing": 0.0,
      "AI_Machine_Learning": 0.0,
      "Marine_Naval": 0.0,
      "Space_Aerospace": 0.0,
      "Digital_Transformation": 0.0
    },
    "keywords": [
      "health",
      "care",
      "food",
      "women",
      "interventions",
      "included",
      "evidence",
      "outcomes",
      "prevalence",
      "risk"
    ],
    "count": 1365,
    "sub_theme": null,
    "sub_theme_confidence": 0.0
  },
  "1": {
    "theme": "Marine_Naval",
    "confidence": 0.1280394990070662,
    "all_scores": {
      "Defense_Security": 0.0,
      "Autonomous_Systems": 0.0,
      "Cybersecurity": 0.0,
      "Energy_Sustainability": 0.02503080154558525,
      "Advanced_Manufacturing": 0.010209148579232104,
      "AI_Machine_Learning": 0.0,
      "Marine_Naval": 0.1280394990070662,
      "Space_Aerospace": 0.0,
      "Digital_Transformation": 0.0
    },
    "keywords": [
      "species",
      "carbon",
      "climate",
      "marine",
      "conservation",
      "ocean",
      "change",
      "ecosystem",
      "global",
      "climate change"
    ],
    "count": 972,
    "sub_theme": "Ocean_Engineering",
    "sub_theme_confidence": 0.1442553378146321
  },
  "2": {
    "theme": "AI_Machine_Learning",
    "confidence": 0.2795198074084502,
    "all_scores": {
      "Defense_Security": 0.012255064617124285,
      "Autonomous_Systems": 0.0,
      "Cybersecurity": 0.008770159784213088,
      "Energy_Sustainability": 0.0,
      "Advanced_Manufacturing": 0.0,
      "AI_Machine_Learning": 0.2795198074084502,
      "Marine_Naval": 0.0,
      "Space_Aerospace": 0.0,
      "Digital_Transformation": 0.0
    },
    "keywords": [
      "images",
      "image",
      "learning",
      "detection",
      "deep",
      "segmentation",
      "features",
      "classification",
      "model",
      "accuracy"
    ],
    "count": 798,
    "sub_theme": "Reinforcement_Learning",
    "sub_theme_confidence": 0.1812482041297978
  },
  "3": {
    "theme": "AI_Machine_Learning",
    "confidence": 0.23932893398675453,
    "all_scores": {
      "Defense_Security": 0.0,
      "Autonomous_Systems": 0.0,
      "Cybersecurity": 0.0,
      "Energy_Sustainability": 0.0,
      "Advanced_Manufacturing": 0.0,
      "AI_Machine_Learning": 0.23932893398675453,
      "Marine_Naval": 0.0,
      "Space_Aerospace": 0.0,
      "Digital_Transformation": 0.0
    },
    "keywords": [
      "model",
      "models",
      "learning",
      "prediction",
      "machine",
      "accuracy",
      "machine learning",
      "eeg",
      "feature",
      "methods"
    ],
    "count": 736,
    "sub_theme": "Reinforcement_Learning",
    "sub_theme_confidence": 0.2493117229153693
  },
  "4": {
    "theme": "Energy_Sustainability",
    "confidence": 0.4654299636232213,
    "all_scores": {
      "Defense_Security": 0.0,
      "Autonomous_Systems": 0.0,
      "Cybersecurity": 0.0,
      "Energy_Sustainability": 0.4654299636232213,
      "Advanced_Manufacturing": 0.010209148579232104,
      "AI_Machine_Learning": 0.0,
      "Marine_Naval": 0.0,
      "Space_Aerospace": 0.0,
      "Digital_Transformation": 0.0
    },
    "keywords": [
      "energy",
      "renewable",
      "electricity",
      "solar",
      "emissions",
      "renewable energy",
      "hydrogen",
      "carbon",
      "economic",
      "waste"
    ],
    "count": 731,
    "sub_theme": "Renewable_Energy",
    "sub_theme_confidence": 0.4324376449092979
  },
  "5": {
    "theme": "Other",
    "confidence": 0.0,
    "all_scores": {
      "Defense_Security": 0.0,
      "Autonomous_Systems": 0.0,
      "Cybersecurity": 0.0,
      "Energy_Sustainability": 0.0,
      "Advanced_Manufacturing": 0.0,
      "AI_Machine_Learning": 0.0,
      "Marine_Naval": 0.0,
      "Space_Aerospace": 0.0,
      "Digital_Transformation": 0.0
    },
    "keywords": [
      "tourism",
      "marketing",
      "consumers",
      "employees",
      "findings",
      "social",
      "value",
      "consumer",
      "implications",
      "brand"
    ],
    "count": 695,
    "sub_theme": null,
    "sub_theme_confidence": 0.0
  },
  "6": {
    "theme": "Defense_Security",
    "confidence": 0.037968321747567396,
    "all_scores": {
      "Defense_Security": 0.037968321747567396,
      "Autonomous_Systems": 0.0,
      "Cybersecurity": 0.0,
      "Energy_Sustainability": 0.0,
      "Advanced_Manufacturing": 0.0,
      "AI_Machine_Learning": 0.008473187247405886,
      "Marine_Naval": 0.0,
      "Space_Aerospace": 0.0,
      "Digital_Transformation": 0.0
    },
    "keywords": [
      "knee",
      "force",
      "training",
      "athletes",
      "players",
      "injury",
      "joint",
      "sport",
      "running",
      "kinematics"
    ],
    "count": 574,
    "sub_theme": "Strategic_Defense",
    "sub_theme_confidence": 0.06882542958855788
  },
  "7": {
    "theme": "Other",
    "confidence": 0.008770159784213088,
    "all_scores": {
      "Defense_Security": 0.0,
      "Autonomous_Systems": 0.0,
      "Cybersecurity": 0.008770159784213088,
      "Energy_Sustainability": 0.007561564503094809,
      "Advanced_Manufacturing": 0.0,
      "AI_Machine_Learning": 0.0,
      "Marine_Naval": 0.0,
      "Space_Aerospace": 0.0,
      "Digital_Transformation": 0.0
    },
    "keywords": [
      "water",
      "soil",
      "plant",
      "climate",
      "drought",
      "vegetation",
      "leaf",
      "river",
      "management",
      "biochar"
    ],
    "count": 547,
    "sub_theme": null,
    "sub_theme_confidence": 0.0
  },
  "8": {
    "theme": "Defense_Security",
    "confidence": 0.01992378756845447,
    "all_scores": {
      "Defense_Security": 0.01992378756845447,
      "Autonomous_Systems": 0.0,
      "Cybersecurity": 0.0,
      "Energy_Sustainability": 0.012462811380734073,
      "Advanced_Manufacturing": 0.0,
      "AI_Machine_Learning": 0.0,
      "Marine_Naval": 0.0,
      "Space_Aerospace": 0.0,
      "Digital_Transformation": 0.019703658838987236
    },
    "keywords": [
      "construction",
      "firms",
      "supply",
      "sustainability",
      "industry",
      "supply chain",
      "chain",
      "green",
      "bim",
      "findings"
    ],
    "count": 542,
    "sub_theme": "Military_Systems",
    "sub_theme_confidence": 0.0
  },
  "9": {
    "theme": "AI_Machine_Learning",
    "confidence": 0.06170993286686084,
    "all_scores": {
      "Defense_Security": 0.0,
      "Autonomous_Systems": 0.0,
      "Cybersecurity": 0.0,
      "Energy_Sustainability": 0.0,
      "Advanced_Manufacturing": 0.0,
      "AI_Machine_Learning": 0.06170993286686084,
      "Marine_Naval": 0.0,
      "Space_Aerospace": 0.0,
      "Digital_Transformation": 0.0
    },
    "keywords": [
      "students",
      "education",
      "learning",
      "teachers",
      "teaching",
      "student",
      "higher education",
      "feedback",
      "online",
      "educational"
    ],
    "count": 398,
    "sub_theme": "Reinforcement_Learning",
    "sub_theme_confidence": 0.1272148235565435
  },
  "10": {
    "theme": "AI_Machine_Learning",
    "confidence": 0.30170852054111563,
    "all_scores": {
      "Defense_Security": 0.00814775195895078,
      "Autonomous_Systems": 0.0,
      "Cybersecurity": 0.011806178648312144,
      "Energy_Sustainability": 0.0,
      "Advanced_Manufacturing": 0.0,
      "AI_Machine_Learning": 0.30170852054111563,
      "Marine_Naval": 0.0,
      "Space_Aerospace": 0.0,
      "Digital_Transformation": 0.0
    },
    "keywords": [
      "learning",
      "detection",
      "attacks",
      "model",
      "federated",
      "privacy",
      "code",
      "federated learning",
      "machine",
      "machine learning"
    ],
    "count": 369,
    "sub_theme": "Reinforcement_Learning",
    "sub_theme_confidence": 0.32211223104320397
  },
  "11": {
    "theme": "Advanced_Manufacturing",
    "confidence": 0.025333690480249804,
    "all_scores": {
      "Defense_Security": 0.0,
      "Autonomous_Systems": 0.0,
      "Cybersecurity": 0.0,
      "Energy_Sustainability": 0.023988615510359267,
      "Advanced_Manufacturing": 0.025333690480249804,
      "AI_Machine_Learning": 0.0,
      "Marine_Naval": 0.0,
      "Space_Aerospace": 0.0,
      "Digital_Transformation": 0.0
    },
    "keywords": [
      "biodiesel",
      "production",
      "waste",
      "hydrogen",
      "diesel",
      "oil",
      "biomass",
      "wastewater",
      "membrane",
      "fuel"
    ],
    "count": 363,
    "sub_theme": "Manufacturing_Automation",
    "sub_theme_confidence": 0.04642927873353421
  },
  "12": {
    "theme": "Other",
    "confidence": 0.0,
    "all_scores": {
      "Defense_Security": 0.0,
      "Autonomous_Systems": 0.0,
      "Cybersecurity": 0.0,
      "Energy_Sustainability": 0.0,
      "Advanced_Manufacturing": 0.0,
      "AI_Machine_Learning": 0.0,
      "Marine_Naval": 0.0,
      "Space_Aerospace": 0.0,
      "Digital_Transformation": 0.0
    },
    "keywords": [
      "covid",
      "vaccine",
      "health",
      "pandemic",
      "sars",
      "cov",
      "sars cov",
      "cases",
      "dengue",
      "malaria"
    ],
    "count": 315,
    "sub_theme": null,
    "sub_theme_confidence": 0.0
  },
  "13": {
    "theme": "Defense_Security",
    "confidence": 0.012255064617124285,
    "all_scores": {
      "Defense_Security": 0.012255064617124285,
      "Autonomous_Systems": 0.0,
      "Cybersecurity": 0.008770159784213088,
      "Energy_Sustainability": 0.0,
      "Advanced_Manufacturing": 0.0,
      "AI_Machine_Learning": 0.0,
      "Marine_Naval": 0.0,
      "Space_Aerospace": 0.0,
      "Digital_Transformation": 0.0
    },
    "keywords": [
      "exposure",
      "health",
      "wildfire",
      "mortality",
      "climate",
      "disaster",
      "air",
      "asthma",
      "risk",
      "fires"
    ],
    "count": 278,
    "sub_theme": "Military_Systems",
    "sub_theme_confidence": 0.0
  },
  "14": {
    "theme": "Digital_Transformation",
    "confidence": 0.2743586338459437,
    "all_scores": {
      "Defense_Security": 0.07734781234369076,
      "Autonomous_Systems": 0.0,
      "Cybersecurity": 0.20878455351821315,
      "Energy_Sustainability": 0.007561564503094809,
      "Advanced_Manufacturing": 0.012611377770455498,
      "AI_Machine_Learning": 0.017415848803037492,
      "Marine_Naval": 0.0,
      "Space_Aerospace": 0.0,
      "Digital_Transformation": 0.2743586338459437
    },
    "keywords": [
      "blockchain",
      "iot",
      "edge",
      "security",
      "computing",
      "cloud",
      "privacy",
      "offloading",
      "smart",
      "devices"
    ],
    "count": 274,
    "sub_theme": "Cloud_Computing",
    "sub_theme_confidence": 0.3430569779181917
  },
  "15": {
    "theme": "Digital_Transformation",
    "confidence": 0.16868220683189628,
    "all_scores": {
      "Defense_Security": 0.00814775195895078,
      "Autonomous_Systems": 0.016550144263524406,
      "Cybersecurity": 0.0,
      "Energy_Sustainability": 0.016692530823779354,
      "Advanced_Manufacturing": 0.027840245504418288,
      "AI_Machine_Learning": 0.0,
      "Marine_Naval": 0.0,
      "Space_Aerospace": 0.0,
      "Digital_Transformation": 0.16868220683189628
    },
    "keywords": [
      "urban",
      "cities",
      "city",
      "smart",
      "smart city",
      "transport",
      "parking",
      "mobility",
      "planning",
      "smart cities"
    ],
    "count": 242,
    "sub_theme": "IoT_Industry40",
    "sub_theme_confidence": 0.07476086047398471
  },
  "16": {
    "theme": "Advanced_Manufacturing",
    "confidence": 0.025333690480249804,
    "all_scores": {
      "Defense_Security": 0.0,
      "Autonomous_Systems": 0.0,
      "Cybersecurity": 0.0,
      "Energy_Sustainability": 0.0,
      "Advanced_Manufacturing": 0.025333690480249804,
      "AI_Machine_Learning": 0.0,
      "Marine_Naval": 0.0,
      "Space_Aerospace": 0.0,
      "Digital_Transformation": 0.0
    },
    "keywords": [
      "farmers",
      "farm",
      "production",
      "agricultural",
      "food",
      "climate",
      "farming",
      "agriculture",
      "rice",
      "farmer"
    ],
    "count": 228,
    "sub_theme": "Manufacturing_Automation",
    "sub_theme_confidence": 0.04642927873353421
  },
  "17": {
    "theme": "AI_Machine_Learning",
    "confidence": 0.05205096932959763,
    "all_scores": {
      "Defense_Security": 0.0,
      "Autonomous_Systems": 0.024893134743677048,
      "Cybersecurity": 0.0,
      "Energy_Sustainability": 0.007561564503094809,
      "Advanced_Manufacturing": 0.0,
      "AI_Machine_Learning": 0.05205096932959763,
      "Marine_Naval": 0.022659478435638834,
      "Space_Aerospace": 0.0,
      "Digital_Transformation": 0.0
    },
    "keywords": [
      "motion",
      "vehicle",
      "controller",
      "vibration",
      "stability",
      "tracking",
      "lyapunov",
      "model",
      "triggered",
      "dynamic"
    ],
    "count": 225,
    "sub_theme": "Explainable_AI",
    "sub_theme_confidence": 0.07338366200386337
  },
  "18": {
    "theme": "AI_Machine_Learning",
    "confidence": 0.08183898560670327,
    "all_scores": {
      "Defense_Security": 0.0,
      "Autonomous_Systems": 0.0,
      "Cybersecurity": 0.0,
      "Energy_Sustainability": 0.0,
      "Advanced_Manufacturing": 0.0,
      "AI_Machine_Learning": 0.08183898560670327,
      "Marine_Naval": 0.0,
      "Space_Aerospace": 0.0,
      "Digital_Transformation": 0.0
    },
    "keywords": [
      "graph",
      "user",
      "recommendation",
      "users",
      "learning",
      "item",
      "networks",
      "methods",
      "social",
      "graphs"
    ],
    "count": 219,
    "sub_theme": "Reinforcement_Learning",
    "sub_theme_confidence": 0.14591390832115322
  },
  "19": {
    "theme": "Energy_Sustainability",
    "confidence": 0.1820191314492426,
    "all_scores": {
      "Defense_Security": 0.0,
      "Autonomous_Systems": 0.0,
      "Cybersecurity": 0.0,
      "Energy_Sustainability": 0.1820191314492426,
      "Advanced_Manufacturing": 0.0958293089845725,
      "AI_Machine_Learning": 0.0,
      "Marine_Naval": 0.0,
      "Space_Aerospace": 0.0,
      "Digital_Transformation": 0.0
    },
    "keywords": [
      "batteries",
      "energy",
      "metal",
      "reaction",
      "ammonia",
      "catalysts",
      "materials",
      "sodium",
      "ion",
      "electrochemical"
    ],
    "count": 180,
    "sub_theme": "Renewable_Energy",
    "sub_theme_confidence": 0.17809325147392133
  },
  "20": {
    "theme": "Other",
    "confidence": 0.0,
    "all_scores": {
      "Defense_Security": 0.0,
      "Autonomous_Systems": 0.0,
      "Cybersecurity": 0.0,
      "Energy_Sustainability": 0.0,
      "Advanced_Manufacturing": 0.0,
      "AI_Machine_Learning": 0.0,
      "Marine_Naval": 0.0,
      "Space_Aerospace": 0.0,
      "Digital_Transformation": 0.0
    },
    "keywords": [
      "mml",
      "mml mml",
      "mml mrow",
      "mml mrow mml",
      "mrow mml",
      "mrow",
      "mml mml mml",
      "star",
      "galaxies",
      "black"
    ],
    "count": 173,
    "sub_theme": null,
    "sub_theme_confidence": 0.0
  },
  "21": {
    "theme": "Energy_Sustainability",
    "confidence": 0.08618101133895681,
    "all_scores": {
      "Defense_Security": 0.0,
      "Autonomous_Systems": 0.0,
      "Cybersecurity": 0.0,
      "Energy_Sustainability": 0.08618101133895681,
      "Advanced_Manufacturing": 0.012611377770455498,
      "AI_Machine_Learning": 0.008473187247405886,
      "Marine_Naval": 0.0,
      "Space_Aerospace": 0.0,
      "Digital_Transformation": 0.0
    },
    "keywords": [
      "power",
      "voltage",
      "grid",
      "inertia",
      "frequency",
      "inverter",
      "synchronous",
      "inverters",
      "optimization",
      "converter"
    ],
    "count": 169,
    "sub_theme": "Smart_Grids",
    "sub_theme_confidence": 0.1979527859240332
  },
  "22": {
    "theme": "Defense_Security",
    "confidence": 0.04205241319114048,
    "all_scores": {
      "Defense_Security": 0.04205241319114048,
      "Autonomous_Systems": 0.04100706002344282,
      "Cybersecurity": 0.014984888494884278,
      "Energy_Sustainability": 0.0,
      "Advanced_Manufacturing": 0.0,
      "AI_Machine_Learning": 0.031456963513219985,
      "Marine_Naval": 0.0,
      "Space_Aerospace": 0.0,
      "Digital_Transformation": 0.0
    },
    "keywords": [
      "robots",
      "chatgpt",
      "intelligence",
      "service",
      "human",
      "artificial intelligence",
      "ethical",
      "artificial",
      "chatbots",
      "robot"
    ],
    "count": 159,
    "sub_theme": "Intelligence_Operations",
    "sub_theme_confidence": 0.20684373620104932
  },
  "23": {
    "theme": "Defense_Security",
    "confidence": 0.020939273776491005,
    "all_scores": {
      "Defense_Security": 0.020939273776491005,
      "Autonomous_Systems": 0.0,
      "Cybersecurity": 0.007099610045017604,
      "Energy_Sustainability": 0.00612122933026326,
      "Advanced_Manufacturing": 0.010209148579232104,
      "AI_Machine_Learning": 0.0,
      "Marine_Naval": 0.018343275912270716,
      "Space_Aerospace": 0.0,
      "Digital_Transformation": 0.019703658838987236
    },
    "keywords": [
      "ice",
      "sea",
      "ocean",
      "sea ice",
      "atmospheric",
      "surface",
      "climate",
      "observations",
      "cloud",
      "antarctic"
    ],
    "count": 154,
    "sub_theme": "Border_Security",
    "sub_theme_confidence": 0.054491316387834984
  },
  "24": {
    "theme": "Advanced_Manufacturing",
    "confidence": 0.0958293089845725,
    "all_scores": {
      "Defense_Security": 0.0,
      "Autonomous_Systems": 0.0,
      "Cybersecurity": 0.0,
      "Energy_Sustainability": 0.0,
      "Advanced_Manufacturing": 0.0958293089845725,
      "AI_Machine_Learning": 0.0,
      "Marine_Naval": 0.0,
      "Space_Aerospace": 0.0,
      "Digital_Transformation": 0.0
    },
    "keywords": [
      "soft",
      "wearable",
      "sensors",
      "materials",
      "flexible",
      "graphene",
      "mechanical",
      "mxene",
      "devices",
      "actuators"
    ],
    "count": 151,
    "sub_theme": "Advanced_Materials",
    "sub_theme_confidence": 0.1310929542451285
  },
  "25": {
    "theme": "Other",
    "confidence": 0.0,
    "all_scores": {
      "Defense_Security": 0.0,
      "Autonomous_Systems": 0.0,
      "Cybersecurity": 0.0,
      "Energy_Sustainability": 0.0,
      "Advanced_Manufacturing": 0.0,
      "AI_Machine_Learning": 0.0,
      "Marine_Naval": 0.0,
      "Space_Aerospace": 0.0,
      "Digital_Transformation": 0.0
    },
    "keywords": [
      "plastic",
      "microplastics",
      "mps",
      "plastics",
      "pollution",
      "microplastic",
      "contamination",
      "pfas",
      "scholar",
      "water"
    ],
    "count": 149,
    "sub_theme": null,
    "sub_theme_confidence": 0.0
  },
  "26": {
    "theme": "Energy_Sustainability",
    "confidence": 0.1820191314492426,
    "all_scores": {
      "Defense_Security": 0.0,
      "Autonomous_Systems": 0.0,
      "Cybersecurity": 0.0,
      "Energy_Sustainability": 0.1820191314492426,
      "Advanced_Manufacturing": 0.0,
      "AI_Machine_Learning": 0.0,
      "Marine_Naval": 0.0,
      "Space_Aerospace": 0.0,
      "Digital_Transformation": 0.0
    },
    "keywords": [
      "flow",
      "magnetic",
      "turbulent",
      "fluid",
      "turbulence",
      "energy",
      "kinetic",
      "plasma",
      "particle",
      "mixing"
    ],
    "count": 147,
    "sub_theme": "Renewable_Energy",
    "sub_theme_confidence": 0.17809325147392133
  },
  "27": {
    "theme": "Advanced_Manufacturing",
    "confidence": 0.021548078291266204,
    "all_scores": {
      "Defense_Security": 0.0,
      "Autonomous_Systems": 0.020151462895387117,
      "Cybersecurity": 0.0,
      "Energy_Sustainability": 0.01291985593349341,
      "Advanced_Manufacturing": 0.021548078291266204,
      "AI_Machine_Learning": 0.014477474666676798,
      "Marine_Naval": 0.0,
      "Space_Aerospace": 0.0,
      "Digital_Transformation": 0.0
    },
    "keywords": [
      "algorithm",
      "optimization",
      "problems",
      "algorithms",
      "uav",
      "optimization problems",
      "scheduling",
      "uavs",
      "cec",
      "pso"
    ],
    "count": 130,
    "sub_theme": "Manufacturing_Automation",
    "sub_theme_confidence": 0.07933008996851908
  },
  "28": {
    "theme": "Other",
    "confidence": 0.0,
    "all_scores": {
      "Defense_Security": 0.0,
      "Autonomous_Systems": 0.0,
      "Cybersecurity": 0.0,
      "Energy_Sustainability": 0.0,
      "Advanced_Manufacturing": 0.0,
      "AI_Machine_Learning": 0.0,
      "Marine_Naval": 0.0,
      "Space_Aerospace": 0.0,
      "Digital_Transformation": 0.0
    },
    "keywords": [
      "news",
      "women",
      "gender",
      "facebook",
      "media",
      "google",
      "code",
      "social",
      "tiktok",
      "australian"
    ],
    "count": 128,
    "sub_theme": null,
    "sub_theme_confidence": 0.0
  },
  "29": {
    "theme": "Other",
    "confidence": 0.0,
    "all_scores": {
      "Defense_Security": 0.0,
      "Autonomous_Systems": 0.0,
      "Cybersecurity": 0.0,
      "Energy_Sustainability": 0.0,
      "Advanced_Manufacturing": 0.0,
      "AI_Machine_Learning": 0.0,
      "Marine_Naval": 0.0,
      "Space_Aerospace": 0.0,
      "Digital_Transformation": 0.0
    },
    "keywords": [
      "banks",
      "financial",
      "stock",
      "fintech",
      "market",
      "bank",
      "islamic",
      "banking",
      "asset",
      "markets"
    ],
    "count": 125,
    "sub_theme": null,
    "sub_theme_confidence": 0.0
  },
  "30": {
    "theme": "Advanced_Manufacturing",
    "confidence": 0.012611377770455498,
    "all_scores": {
      "Defense_Security": 0.0,
      "Autonomous_Systems": 0.0,
      "Cybersecurity": 0.0,
      "Energy_Sustainability": 0.0,
      "Advanced_Manufacturing": 0.012611377770455498,
      "AI_Machine_Learning": 0.0,
      "Marine_Naval": 0.0,
      "Space_Aerospace": 0.0,
      "Digital_Transformation": 0.0
    },
    "keywords": [
      "genes",
      "genetic",
      "microbial",
      "breeding",
      "bacterial",
      "gene",
      "resistance",
      "diversity",
      "flowering",
      "soil"
    ],
    "count": 115,
    "sub_theme": "Additive_Manufacturing_3D_Printing",
    "sub_theme_confidence": 0.0
  },
  "31": {
    "theme": "Other",
    "confidence": 0.0,
    "all_scores": {
      "Defense_Security": 0.0,
      "Autonomous_Systems": 0.0,
      "Cybersecurity": 0.0,
      "Energy_Sustainability": 0.0,
      "Advanced_Manufacturing": 0.0,
      "AI_Machine_Learning": 0.0,
      "Marine_Naval": 0.0,
      "Space_Aerospace": 0.0,
      "Digital_Transformation": 0.0
    },
    "keywords": [
      "archaeological",
      "deposits",
      "pleistocene",
      "island",
      "early",
      "dating",
      "late",
      "human",
      "years",
      "southeast"
    ],
    "count": 106,
    "sub_theme": null,
    "sub_theme_confidence": 0.0
  },
  "32": {
    "theme": "Marine_Naval",
    "confidence": 0.022659478435638834,
    "all_scores": {
      "Defense_Security": 0.0,
      "Autonomous_Systems": 0.0,
      "Cybersecurity": 0.0,
      "Energy_Sustainability": 0.0,
      "Advanced_Manufacturing": 0.0,
      "AI_Machine_Learning": 0.0,
      "Marine_Naval": 0.022659478435638834,
      "Space_Aerospace": 0.0,
      "Digital_Transformation": 0.0
    },
    "keywords": [
      "acoustic",
      "species",
      "sound",
      "noise",
      "animals",
      "evolutionary",
      "cancer",
      "populations",
      "animal",
      "temperatures"
    ],
    "count": 99,
    "sub_theme": "Underwater_Vehicles",
    "sub_theme_confidence": 0.04169673782898243
  },
  "33": {
    "theme": "Defense_Security",
    "confidence": 0.0214578370470521,
    "all_scores": {
      "Defense_Security": 0.0214578370470521,
      "Autonomous_Systems": 0.0,
      "Cybersecurity": 0.0,
      "Energy_Sustainability": 0.0,
      "Advanced_Manufacturing": 0.0,
      "AI_Machine_Learning": 0.0,
      "Marine_Naval": 0.0,
      "Space_Aerospace": 0.0,
      "Digital_Transformation": 0.0212207593132099
    },
    "keywords": [
      "alcohol",
      "gambling",
      "cannabis",
      "tobacco",
      "smoking",
      "cannabis use",
      "health",
      "loot",
      "cigarettes",
      "industry"
    ],
    "count": 97,
    "sub_theme": "Military_Systems",
    "sub_theme_confidence": 0.0
  },
  "34": {
    "theme": "AI_Machine_Learning",
    "confidence": 0.06563340868849953,
    "all_scores": {
      "Defense_Security": 0.0,
      "Autonomous_Systems": 0.0,
      "Cybersecurity": 0.0,
      "Energy_Sustainability": 0.0,
      "Advanced_Manufacturing": 0.0,
      "AI_Machine_Learning": 0.06563340868849953,
      "Marine_Naval": 0.0,
      "Space_Aerospace": 0.0,
      "Digital_Transformation": 0.0
    },
    "keywords": [
      "reality",
      "virtual",
      "virtual reality",
      "training",
      "gui",
      "gaze",
      "eye",
      "immersive",
      "learning",
      "ivr"
    ],
    "count": 90,
    "sub_theme": "Reinforcement_Learning",
    "sub_theme_confidence": 0.11812006562176762
  },
  "35": {
    "theme": "Advanced_Manufacturing",
    "confidence": 0.0468576243309745,
    "all_scores": {
      "Defense_Security": 0.0,
      "Autonomous_Systems": 0.0,
      "Cybersecurity": 0.0,
      "Energy_Sustainability": 0.0,
      "Advanced_Manufacturing": 0.0468576243309745,
      "AI_Machine_Learning": 0.0,
      "Marine_Naval": 0.0,
      "Space_Aerospace": 0.0,
      "Digital_Transformation": 0.0
    },
    "keywords": [
      "moment",
      "seismic",
      "foundation",
      "columns",
      "element",
      "strength",
      "finite element",
      "column",
      "steel",
      "finite"
    ],
    "count": 81,
    "sub_theme": "Additive_Manufacturing_3D_Printing",
    "sub_theme_confidence": 0.0
  },
  "36": {
    "theme": "Autonomous_Systems",
    "confidence": 0.024893134743677048,
    "all_scores": {
      "Defense_Security": 0.0,
      "Autonomous_Systems": 0.024893134743677048,
      "Cybersecurity": 0.008770159784213088,
      "Energy_Sustainability": 0.0,
      "Advanced_Manufacturing": 0.0,
      "AI_Machine_Learning": 0.0,
      "Marine_Naval": 0.0,
      "Space_Aerospace": 0.0,
      "Digital_Transformation": 0.024339961667727356
    },
    "keywords": [
      "antenna",
      "antennas",
      "communication",
      "wireless",
      "mimo",
      "uav",
      "ghz",
      "communications",
      "beamforming",
      "irs"
    ],
    "count": 80,
    "sub_theme": "Drones_UAVs",
    "sub_theme_confidence": 0.08471854517754149
  },
  "37": {
    "theme": "Advanced_Manufacturing",
    "confidence": 0.317017404207119,
    "all_scores": {
      "Defense_Security": 0.019923787568454466,
      "Autonomous_Systems": 0.0,
      "Cybersecurity": 0.0,
      "Energy_Sustainability": 0.0,
      "Advanced_Manufacturing": 0.317017404207119,
      "AI_Machine_Learning": 0.0,
      "Marine_Naval": 0.0,
      "Space_Aerospace": 0.0,
      "Digital_Transformation": 0.06394667009622017
    },
    "keywords": [
      "manufacturing",
      "industry",
      "additive",
      "additive manufacturing",
      "process",
      "printing",
      "alloys",
      "properties",
      "production",
      "powder"
    ],
    "count": 77,
    "sub_theme": "Smart_Manufacturing",
    "sub_theme_confidence": 0.3574428588418499
  },
  "38": {
    "theme": "Advanced_Manufacturing",
    "confidence": 0.020805245062706458,
    "all_scores": {
      "Defense_Security": 0.0,
      "Autonomous_Systems": 0.0,
      "Cybersecurity": 0.0,
      "Energy_Sustainability": 0.0,
      "Advanced_Manufacturing": 0.020805245062706458,
      "AI_Machine_Learning": 0.0,
      "Marine_Naval": 0.0,
      "Space_Aerospace": 0.0,
      "Digital_Transformation": 0.0
    },
    "keywords": [
      "printing",
      "bone",
      "drug",
      "scaffolds",
      "tissue",
      "delivery",
      "bioprinting",
      "fabrication",
      "drug delivery",
      "scaffold"
    ],
    "count": 69,
    "sub_theme": "Additive_Manufacturing_3D_Printing",
    "sub_theme_confidence": 0.09855906877546207
  },
  "39": {
    "theme": "Other",
    "confidence": 0.0,
    "all_scores": {
      "Defense_Security": 0.0,
      "Autonomous_Systems": 0.0,
      "Cybersecurity": 0.0,
      "Energy_Sustainability": 0.0,
      "Advanced_Manufacturing": 0.0,
      "AI_Machine_Learning": 0.0,
      "Marine_Naval": 0.0,
      "Space_Aerospace": 0.0,
      "Digital_Transformation": 0.0
    },
    "keywords": [
      "reporting",
      "arrive",
      "prisma",
      "animal",
      "animal research",
      "guidelines",
      "checklist",
      "systematic",
      "statement",
      "meta"
    ],
    "count": 67,
    "sub_theme": null,
    "sub_theme_confidence": 0.0
  },
  "40": {
    "theme": "Other",
    "confidence": 0.0068592051655984145,
    "all_scores": {
      "Defense_Security": 0.0,
      "Autonomous_Systems": 0.0,
      "Cybersecurity": 0.0,
      "Energy_Sustainability": 0.0,
      "Advanced_Manufacturing": 0.0,
      "AI_Machine_Learning": 0.0068592051655984145,
      "Marine_Naval": 0.0,
      "Space_Aerospace": 0.0,
      "Digital_Transformation": 0.0
    },
    "keywords": [
      "heritage",
      "cultural",
      "creative",
      "cultural heritage",
      "music",
      "generative",
      "world",
      "creativity",
      "reality",
      "museum"
    ],
    "count": 66,
    "sub_theme": null,
    "sub_theme_confidence": 0.0
  },
  "41": {
    "theme": "Other",
    "confidence": 0.0,
    "all_scores": {
      "Defense_Security": 0.0,
      "Autonomous_Systems": 0.0,
      "Cybersecurity": 0.0,
      "Energy_Sustainability": 0.0,
      "Advanced_Manufacturing": 0.0,
      "AI_Machine_Learning": 0.0,
      "Marine_Naval": 0.0,
      "Space_Aerospace": 0.0,
      "Digital_Transformation": 0.0
    },
    "keywords": [
      "brain",
      "google scholar",
      "scholar",
      "google",
      "crossref",
      "crossref pubmed",
      "scopus google scholar",
      "scopus google",
      "pubmed",
      "pubmed scopus google"
    ],
    "count": 64,
    "sub_theme": null,
    "sub_theme_confidence": 0.0
  },
  "42": {
    "theme": "Advanced_Manufacturing",
    "confidence": 0.012611377770455498,
    "all_scores": {
      "Defense_Security": 0.0,
      "Autonomous_Systems": 0.0,
      "Cybersecurity": 0.0,
      "Energy_Sustainability": 0.0,
      "Advanced_Manufacturing": 0.012611377770455498,
      "AI_Machine_Learning": 0.008473187247405886,
      "Marine_Naval": 0.0,
      "Space_Aerospace": 0.0,
      "Digital_Transformation": 0.0
    },
    "keywords": [
      "optical",
      "metasurfaces",
      "photonic",
      "fiber",
      "nonlinear",
      "integrated",
      "metamaterials",
      "light",
      "optics",
      "wavelength"
    ],
    "count": 55,
    "sub_theme": "Advanced_Materials",
    "sub_theme_confidence": 0.02879864073993336
  },
  "43": {
    "theme": "Other",
    "confidence": 0.0,
    "all_scores": {
      "Defense_Security": 0.0,
      "Autonomous_Systems": 0.0,
      "Cybersecurity": 0.0,
      "Energy_Sustainability": 0.0,
      "Advanced_Manufacturing": 0.0,
      "AI_Machine_Learning": 0.0,
      "Marine_Naval": 0.0,
      "Space_Aerospace": 0.0,
      "Digital_Transformation": 0.0
    },
    "keywords": [
      "housing",
      "rural",
      "financial inclusion",
      "urban",
      "financial",
      "poverty",
      "household",
      "village",
      "villages",
      "inclusion"
    ],
    "count": 53,
    "sub_theme": null,
    "sub_theme_confidence": 0.0
  },
  "44": {
    "theme": "Other",
    "confidence": 0.0,
    "all_scores": {
      "Defense_Security": 0.0,
      "Autonomous_Systems": 0.0,
      "Cybersecurity": 0.0,
      "Energy_Sustainability": 0.0,
      "Advanced_Manufacturing": 0.0,
      "AI_Machine_Learning": 0.0,
      "Marine_Naval": 0.0,
      "Space_Aerospace": 0.0,
      "Digital_Transformation": 0.0
    },
    "keywords": [
      "populism",
      "political",
      "populist",
      "civilizational",
      "party",
      "democracy",
      "indonesia",
      "politics",
      "state",
      "democratic"
    ],
    "count": 51,
    "sub_theme": null,
    "sub_theme_confidence": 0.0
  },
  "45": {
    "theme": "Advanced_Manufacturing",
    "confidence": 0.0798479837213619,
    "all_scores": {
      "Defense_Security": 0.0,
      "Autonomous_Systems": 0.0,
      "Cybersecurity": 0.0,
      "Energy_Sustainability": 0.0,
      "Advanced_Manufacturing": 0.0798479837213619,
      "AI_Machine_Learning": 0.0,
      "Marine_Naval": 0.0,
      "Space_Aerospace": 0.0,
      "Digital_Transformation": 0.0
    },
    "keywords": [
      "materials",
      "calculations",
      "molecular",
      "density",
      "dft",
      "mathrm",
      "gpus",
      "functionals",
      "discontinuities",
      "computational"
    ],
    "count": 46,
    "sub_theme": "Advanced_Materials",
    "sub_theme_confidence": 0.1310929542451285
  },
  "46": {
    "theme": "AI_Machine_Learning",
    "confidence": 0.01374554831037588,
    "all_scores": {
      "Defense_Security": 0.0,
      "Autonomous_Systems": 0.0,
      "Cybersecurity": 0.0,
      "Energy_Sustainability": 0.0,
      "Advanced_Manufacturing": 0.0,
      "AI_Machine_Learning": 0.01374554831037588,
      "Marine_Naval": 0.0,
      "Space_Aerospace": 0.0,
      "Digital_Transformation": 0.0
    },
    "keywords": [
      "quantum",
      "classical",
      "hamiltonian",
      "evolution",
      "circuits",
      "state",
      "quantum classical",
      "becs",
      "qubit",
      "machine"
    ],
    "count": 39,
    "sub_theme": "Natural_Language_Processing",
    "sub_theme_confidence": 0.018702938188310918
  },
  "47": {
    "theme": "Digital_Transformation",
    "confidence": 0.22931192694486177,
    "all_scores": {
      "Defense_Security": 0.0,
      "Autonomous_Systems": 0.0,
      "Cybersecurity": 0.005830820872399554,
      "Energy_Sustainability": 0.00502728903662692,
      "Advanced_Manufacturing": 0.037708555172869675,
      "AI_Machine_Learning": 0.0,
      "Marine_Naval": 0.0,
      "Space_Aerospace": 0.0,
      "Digital_Transformation": 0.22931192694486177
    },
    "keywords": [
      "digital",
      "twins",
      "digital twins",
      "digital twin",
      "twin",
      "healthcare",
      "technologies",
      "monitoring",
      "smart",
      "dts"
    ],
    "count": 31,
    "sub_theme": "Digital_Twin",
    "sub_theme_confidence": 0.24504380462055947
  },
  "48": {
    "theme": "AI_Machine_Learning",
    "confidence": 0.04323266158678657,
    "all_scores": {
      "Defense_Security": 0.0,
      "Autonomous_Systems": 0.0,
      "Cybersecurity": 0.01081073310721485,
      "Energy_Sustainability": 0.018868094602507594,
      "Advanced_Manufacturing": 0.0,
      "AI_Machine_Learning": 0.04323266158678657,
      "Marine_Naval": 0.0,
      "Space_Aerospace": 0.0,
      "Digital_Transformation": 0.0
    },
    "keywords": [
      "battery",
      "estimation",
      "soc",
      "soc estimation",
      "ion",
      "ion batteries",
      "lithium ion",
      "batteries",
      "lithium",
      "model"
    ],
    "count": 30,
    "sub_theme": "Explainable_AI",
    "sub_theme_confidence": 0.04394705352337264
  },
  "49": {
    "theme": "Autonomous_Systems",
    "confidence": 0.041007060023442815,
    "all_scores": {
      "Defense_Security": 0.0,
      "Autonomous_Systems": 0.041007060023442815,
      "Cybersecurity": 0.0,
      "Energy_Sustainability": 0.0,
      "Advanced_Manufacturing": 0.0,
      "AI_Machine_Learning": 0.0,
      "Marine_Naval": 0.0,
      "Space_Aerospace": 0.0,
      "Digital_Transformation": 0.0
    },
    "keywords": [
      "positioning",
      "indoor",
      "indoor positioning",
      "localization",
      "gnss",
      "leo",
      "navigation",
      "receiver",
      "clock",
      "ppp"
    ],
    "count": 22,
    "sub_theme": "Robot_Navigation",
    "sub_theme_confidence": 0.10294866244723685
  },
  "50": {
    "theme": "Other",
    "confidence": 0.0,
    "all_scores": {
      "Defense_Security": 0.0,
      "Autonomous_Systems": 0.0,
      "Cybersecurity": 0.0,
      "Energy_Sustainability": 0.0,
      "Advanced_Manufacturing": 0.0,
      "AI_Machine_Learning": 0.0,
      "Marine_Naval": 0.0,
      "Space_Aerospace": 0.0,
      "Digital_Transformation": 0.0
    },
    "keywords": [
      "tax",
      "workers",
      "labour",
      "law",
      "taxation",
      "jurisdiction",
      "labour market",
      "income",
      "wages",
      "equal"
    ],
    "count": 22,
    "sub_theme": null,
    "sub_theme_confidence": 0.0
  },
  "51": {
    "theme": "Digital_Transformation",
    "confidence": 0.034550431031447164,
    "all_scores": {
      "Defense_Security": 0.0,
      "Autonomous_Systems": 0.0,
      "Cybersecurity": 0.0,
      "Energy_Sustainability": 0.0,
      "Advanced_Manufacturing": 0.008804003106874106,
      "AI_Machine_Learning": 0.011853667236895063,
      "Marine_Naval": 0.0,
      "Space_Aerospace": 0.0,
      "Digital_Transformation": 0.034550431031447164
    },
    "keywords": [
      "children",
      "digital",
      "language",
      "young",
      "literacy",
      "reading",
      "young children",
      "parents",
      "child",
      "young people"
    ],
    "count": 21,
    "sub_theme": "Digital_Twin",
    "sub_theme_confidence": 0.0539965095470432
  },
  "52": {
    "theme": "Energy_Sustainability",
    "confidence": 0.03864374310403175,
    "all_scores": {
      "Defense_Security": 0.0,
      "Autonomous_Systems": 0.0,
      "Cybersecurity": 0.0,
      "Energy_Sustainability": 0.03864374310403175,
      "Advanced_Manufacturing": 0.0,
      "AI_Machine_Learning": 0.0,
      "Marine_Naval": 0.0,
      "Space_Aerospace": 0.0,
      "Digital_Transformation": 0.0
    },
    "keywords": [
      "perovskite",
      "pscs",
      "perovskite solar",
      "perovskites",
      "perovskite solar cells",
      "solar cells",
      "solar",
      "efficiency",
      "cells",
      "stability"
    ],
    "count": 19,
    "sub_theme": "Renewable_Energy",
    "sub_theme_confidence": 0.08053100153629181
  },
  "53": {
    "theme": "Defense_Security",
    "confidence": 0.009920706349580167,
    "all_scores": {
      "Defense_Security": 0.009920706349580167,
      "Autonomous_Systems": 0.0,
      "Cybersecurity": 0.0,
      "Energy_Sustainability": 0.0,
      "Advanced_Manufacturing": 0.0,
      "AI_Machine_Learning": 0.0,
      "Marine_Naval": 0.0,
      "Space_Aerospace": 0.0,
      "Digital_Transformation": 0.0
    },
    "keywords": [
      "dust",
      "coal",
      "coal dust",
      "psd",
      "air",
      "surfactants",
      "ventilation",
      "underground",
      "duct",
      "surfactant"
    ],
    "count": 16,
    "sub_theme": "Military_Systems",
    "sub_theme_confidence": 0.0
  },
  "54": {
    "theme": "Other",
    "confidence": 0.0,
    "all_scores": {
      "Defense_Security": 0.0,
      "Autonomous_Systems": 0.0,
      "Cybersecurity": 0.0,
      "Energy_Sustainability": 0.0,
      "Advanced_Manufacturing": 0.0,
      "AI_Machine_Learning": 0.0,
      "Marine_Naval": 0.0,
      "Space_Aerospace": 0.0,
      "Digital_Transformation": 0.0
    },
    "keywords": [
      "equivariant",
      "symmetry",
      "filter",
      "lie group",
      "lie",
      "observer",
      "group",
      "equivariance",
      "error",
      "kinematics"
    ],
    "count": 15,
    "sub_theme": null,
    "sub_theme_confidence": 0.0
  },
  "55": {
    "theme": "Space_Aerospace",
    "confidence": 0.020884370422363966,
    "all_scores": {
      "Defense_Security": 0.009920706349580167,
      "Autonomous_Systems": 0.0,
      "Cybersecurity": 0.014457408862690141,
      "Energy_Sustainability": 0.0,
      "Advanced_Manufacturing": 0.0,
      "AI_Machine_Learning": 0.01374554831037588,
      "Marine_Naval": 0.0,
      "Space_Aerospace": 0.020884370422363966,
      "Digital_Transformation": 0.0
    },
    "keywords": [
      "biosensors",
      "electrochemical",
      "biosensor",
      "detection",
      "chemical",
      "monitoring",
      "portable",
      "sensing",
      "gas",
      "electrochemical biosensors"
    ],
    "count": 12,
    "sub_theme": "Satellites",
    "sub_theme_confidence": 0.02684998196316728
  },
  "56": {
    "theme": "Other",
    "confidence": 0.00612122933026326,
    "all_scores": {
      "Defense_Security": 0.0,
      "Autonomous_Systems": 0.0,
      "Cybersecurity": 0.0,
      "Energy_Sustainability": 0.00612122933026326,
      "Advanced_Manufacturing": 0.0,
      "AI_Machine_Learning": 0.0,
      "Marine_Naval": 0.0,
      "Space_Aerospace": 0.0,
      "Digital_Transformation": 0.0
    },
    "keywords": [
      "wave",
      "waves",
      "solutions",
      "equation",
      "solitons",
      "nonlinear",
      "solitary",
      "soliton",
      "equations",
      "solitary waves"
    ],
    "count": 12,
    "sub_theme": null,
    "sub_theme_confidence": 0.0
  },
  "57": {
    "theme": "Defense_Security",
    "confidence": 0.046722244806974164,
    "all_scores": {
      "Defense_Security": 0.046722244806974164,
      "Autonomous_Systems": 0.0,
      "Cybersecurity": 0.013509624788383473,
      "Energy_Sustainability": 0.0,
      "Advanced_Manufacturing": 0.0,
      "AI_Machine_Learning": 0.03936408560950286,
      "Marine_Naval": 0.0,
      "Space_Aerospace": 0.019010887329904417,
      "Digital_Transformation": 0.0
    },
    "keywords": [
      "chaotic",
      "encryption",
      "image",
      "image encryption",
      "frft",
      "chaotic systems",
      "images",
      "encrypted",
      "synchronization",
      "cipher"
    ],
    "count": 10,
    "sub_theme": "Military_Systems",
    "sub_theme_confidence": 0.07478802294819102
  },
  "58": {
    "theme": "Energy_Sustainability",
    "confidence": 0.3834388891082865,
    "all_scores": {
      "Defense_Security": 0.0,
      "Autonomous_Systems": 0.0,
      "Cybersecurity": 0.0,
      "Energy_Sustainability": 0.3834388891082865,
      "Advanced_Manufacturing": 0.0,
      "AI_Machine_Learning": 0.0,
      "Marine_Naval": 0.0,
      "Space_Aerospace": 0.0,
      "Digital_Transformation": 0.0
    },
    "keywords": [
      "energy harvesting",
      "harvesting",
      "energy",
      "galloping",
      "harvester",
      "wind",
      "harvesters",
      "viv",
      "circuits",
      "nonlinearity"
    ],
    "count": 10,
    "sub_theme": "Renewable_Energy",
    "sub_theme_confidence": 0.3555233852249869
  }
}