{
  "theme_trends": {
    "Defense_Security": {
      "total_papers": 1740,
      "growth_rate": -0.03624048625063975,
      "quarterly_counts": {
        "2020Q1": 110,
        "2020Q2": 85,
        "2020Q3": 108,
        "2020Q4": 112,
        "2021Q1": 134,
        "2021Q2": 122,
        "2021Q3": 91,
        "2021Q4": 81,
        "2022Q1": 92,
        "2022Q2": 96,
        "2022Q3": 96,
        "2022Q4": 68,
        "2023Q1": 104,
        "2023Q2": 89,
        "2023Q3": 65,
        "2023Q4": 55,
        "2024Q1": 95,
        "2024Q2": 63,
        "2024Q3": 52,
        "2024Q4": 22
      },
      "top_topics": {
        "-1": 564,
        "0": 420,
        "1": 186,
        "12": 98,
        "6": 54
      },
      "universities": {
        "Monash University": 204,
        "Australian National University": 122,
        "Deakin University": 117,
        "University of Technology Sydney": 101,
        "University of Auckland": 89
      }
    },
    "Autonomous_Systems": {
      "total_papers": 534,
      "growth_rate": 0.001915771251149159,
      "quarterly_counts": {
        "2020Q1": 34,
        "2020Q2": 33,
        "2020Q3": 40,
        "2020Q4": 33,
        "2021Q1": 34,
        "2021Q2": 34,
        "2021Q3": 27,
        "2021Q4": 23,
        "2022Q1": 41,
        "2022Q2": 30,
        "2022Q3": 18,
        "2022Q4": 14,
        "2023Q1": 39,
        "2023Q2": 38,
        "2023Q3": 21,
        "2023Q4": 16,
        "2024Q1": 28,
        "2024Q2": 20,
        "2024Q3": 7,
        "2024Q4": 4
      },
      "top_topics": {
        "-1": 192,
        "0": 131,
        "4": 43,
        "12": 24,
        "5": 18
      },
      "universities": {
        "Monash University": 55,
        "Deakin University": 36,
        "Queensland University of Technology": 31,
        "Griffith University": 28,
        "University of Auckland": 27
      }
    },
    "Cybersecurity": {
      "total_papers": 2565,
      "growth_rate": 0.007319364308682548,
      "quarterly_counts": {
        "2020Q1": 186,
        "2020Q2": 178,
        "2020Q3": 173,
        "2020Q4": 139,
        "2021Q1": 173,
        "2021Q2": 131,
        "2021Q3": 125,
        "2021Q4": 93,
        "2022Q1": 173,
        "2022Q2": 135,
        "2022Q3": 107,
        "2022Q4": 79,
        "2023Q1": 225,
        "2023Q2": 122,
        "2023Q3": 113,
        "2023Q4": 83,
        "2024Q1": 180,
        "2024Q2": 90,
        "2024Q3": 46,
        "2024Q4": 14
      },
      "top_topics": {
        "-1": 894,
        "0": 425,
        "5": 183,
        "8": 131,
        "9": 111
      },
      "universities": {
        "Monash University": 287,
        "Deakin University": 182,
        "Griffith University": 159,
        "Australian National University": 148,
        "Macquarie University": 132
      }
    },
    "Energy_Sustainability": {
      "total_papers": 3540,
      "growth_rate": 0.023349518954811566,
      "quarterly_counts": {
        "2020Q1": 186,
        "2020Q2": 195,
        "2020Q3": 160,
        "2020Q4": 172,
        "2021Q1": 205,
        "2021Q2": 153,
        "2021Q3": 158,
        "2021Q4": 145,
        "2022Q1": 211,
        "2022Q2": 158,
        "2022Q3": 140,
        "2022Q4": 119,
        "2023Q1": 268,
        "2023Q2": 179,
        "2023Q3": 182,
        "2023Q4": 146,
        "2024Q1": 330,
        "2024Q2": 251,
        "2024Q3": 131,
        "2024Q4": 51
      },
      "top_topics": {
        "-1": 1262,
        "1": 439,
        "7": 402,
        "11": 315,
        "4": 260
      },
      "universities": {
        "University of Technology Sydney": 332,
        "University of Tasmania": 276,
        "Griffith University": 239,
        "Monash University": 224,
        "Australian National University": 204
      }
    },
    "Advanced_Manufacturing": {
      "total_papers": 2719,
      "growth_rate": -0.007700886946620733,
      "quarterly_counts": {
        "2020Q1": 147,
        "2020Q2": 118,
        "2020Q3": 147,
        "2020Q4": 114,
        "2021Q1": 176,
        "2021Q2": 156,
        "2021Q3": 160,
        "2021Q4": 159,
        "2022Q1": 175,
        "2022Q2": 129,
        "2022Q3": 145,
        "2022Q4": 135,
        "2023Q1": 199,
        "2023Q2": 118,
        "2023Q3": 118,
        "2023Q4": 135,
        "2024Q1": 142,
        "2024Q2": 90,
        "2024Q3": 84,
        "2024Q4": 72
      },
      "top_topics": {
        "-1": 927,
        "6": 309,
        "4": 169,
        "8": 151,
        "26": 121
      },
      "universities": {
        "Monash University": 250,
        "Australian National University": 209,
        "University of Auckland": 187,
        "University of Technology Sydney": 178,
        "Deakin University": 158
      }
    },
    "AI_Machine_Learning": {
      "total_papers": 4795,
      "growth_rate": -0.003494761569000094,
      "quarterly_counts": {
        "2020Q1": 322,
        "2020Q2": 321,
        "2020Q3": 286,
        "2020Q4": 214,
        "2021Q1": 390,
        "2021Q2": 288,
        "2021Q3": 213,
        "2021Q4": 211,
        "2022Q1": 355,
        "2022Q2": 302,
        "2022Q3": 211,
        "2022Q4": 155,
        "2023Q1": 322,
        "2023Q2": 251,
        "2023Q3": 187,
        "2023Q4": 147,
        "2024Q1": 311,
        "2024Q2": 162,
        "2024Q3": 110,
        "2024Q4": 37
      },
      "top_topics": {
        "-1": 1318,
        "2": 697,
        "3": 553,
        "10": 282,
        "5": 201
      },
      "universities": {
        "University of Technology Sydney": 668,
        "Monash University": 561,
        "Deakin University": 406,
        "Swinburne University of Technology": 280,
        "Queensland University of Technology": 279
      }
    },
    "Marine_Naval": {
      "total_papers": 1096,
      "growth_rate": 0.06715871501058002,
      "quarterly_counts": {
        "2020Q1": 72,
        "2020Q2": 57,
        "2020Q3": 80,
        "2020Q4": 66,
        "2021Q1": 54,
        "2021Q2": 60,
        "2021Q3": 33,
        "2021Q4": 41,
        "2022Q1": 62,
        "2022Q2": 64,
        "2022Q3": 44,
        "2022Q4": 35,
        "2023Q1": 88,
        "2023Q2": 63,
        "2023Q3": 35,
        "2023Q4": 33,
        "2024Q1": 107,
        "2024Q2": 53,
        "2024Q3": 36,
        "2024Q4": 13
      },
      "top_topics": {
        "-1": 356,
        "1": 104,
        "0": 70,
        "5": 66,
        "15": 49
      },
      "universities": {
        "Monash University": 85,
        "Australian National University": 85,
        "University of Technology Sydney": 64,
        "Griffith University": 62,
        "Curtin University": 59
      }
    },
    "Space_Aerospace": {
      "total_papers": 1406,
      "growth_rate": 0.004572127999260825,
      "quarterly_counts": {
        "2020Q1": 76,
        "2020Q2": 85,
        "2020Q3": 75,
        "2020Q4": 73,
        "2021Q1": 96,
        "2021Q2": 84,
        "2021Q3": 73,
        "2021Q4": 49,
        "2022Q1": 74,
        "2022Q2": 76,
        "2022Q3": 61,
        "2022Q4": 56,
        "2023Q1": 87,
        "2023Q2": 85,
        "2023Q3": 51,
        "2023Q4": 45,
        "2024Q1": 97,
        "2024Q2": 85,
        "2024Q3": 54,
        "2024Q4": 24
      },
      "top_topics": {
        "-1": 550,
        "0": 115,
        "5": 69,
        "1": 68,
        "6": 64
      },
      "universities": {
        "Monash University": 104,
        "Deakin University": 93,
        "Griffith University": 84,
        "University of Technology Sydney": 79,
        "Australian National University": 75
      }
    },
    "Digital_Transformation": {
      "total_papers": 943,
      "growth_rate": 0.030566841641518624,
      "quarterly_counts": {
        "2020Q1": 78,
        "2020Q2": 58,
        "2020Q3": 43,
        "2020Q4": 54,
        "2021Q1": 115,
        "2021Q2": 61,
        "2021Q3": 57,
        "2021Q4": 40,
        "2022Q1": 82,
        "2022Q2": 57,
        "2022Q3": 50,
        "2022Q4": 34,
        "2023Q1": 58,
        "2023Q2": 25,
        "2023Q3": 31,
        "2023Q4": 15,
        "2024Q1": 47,
        "2024Q2": 22,
        "2024Q3": 14,
        "2024Q4": 2
      },
      "top_topics": {
        "-1": 264,
        "14": 94,
        "19": 58,
        "24": 50,
        "36": 48
      },
      "universities": {
        "University of Technology Sydney": 106,
        "Monash University": 93,
        "Deakin University": 80,
        "Swinburne University of Technology": 72,
        "Queensland University of Technology": 64
      }
    }
  },
  "emerging_topics": [
    {
      "topic_id": 43,
      "theme": "Other",
      "growth_rate": 1.0,
      "keywords": [
        "housing",
        "rural",
        "financial inclusion",
        "urban",
        "financial",
        "poverty",
        "household",
        "village",
        "villages",
        "inclusion"
      ],
      "recent_count": 2,
      "previous_count": 1
    },
    {
      "topic_id": 55,
      "theme": "Space_Aerospace",
      "growth_rate": 1.0,
      "keywords": [
        "biosensors",
        "electrochemical",
        "biosensor",
        "detection",
        "chemical",
        "monitoring",
        "portable",
        "sensing",
        "gas",
        "electrochemical biosensors"
      ],
      "recent_count": 2,
      "previous_count": 1
    },
    {
      "topic_id": 25,
      "theme": "Other",
      "growth_rate": 1.0,
      "keywords": [
        "plastic",
        "microplastics",
        "mps",
        "plastics",
        "pollution",
        "microplastic",
        "contamination",
        "pfas",
        "scholar",
        "water"
      ],
      "recent_count": 6,
      "previous_count": 3
    },
    {
      "topic_id": 44,
      "theme": "Other",
      "growth_rate": 1.0,
      "keywords": [
        "populism",
        "political",
        "populist",
        "civilizational",
        "party",
        "democracy",
        "indonesia",
        "politics",
        "state",
        "democratic"
      ],
      "recent_count": 2,
      "previous_count": 1
    },
    {
      "topic_id": 50,
      "theme": "Other",
      "growth_rate": 1.0,
      "keywords": [
        "tax",
        "workers",
        "labour",
        "law",
        "taxation",
        "jurisdiction",
        "labour market",
        "income",
        "wages",
        "equal"
      ],
      "recent_count": 2,
      "previous_count": 1
    },
    {
      "topic_id": 30,
      "theme": "Advanced_Manufacturing",
      "growth_rate": 0.6666666666666666,
      "keywords": [
        "genes",
        "genetic",
        "microbial",
        "breeding",
        "bacterial",
        "gene",
        "resistance",
        "diversity",
        "flowering",
        "soil"
      ],
      "recent_count": 5,
      "previous_count": 3
    }
  ],
  "strategic_priorities": [
    {
      "theme": "Marine_Naval",
      "priority_score": 0.20147614503174005,
      "category": "LOW",
      "growth_rate": 0.06715871501058002,
      "total_papers": 1096,
      "babcock_priority": "HIGH"
    },
    {
      "theme": "Digital_Transformation",
      "priority_score": 0.05939137330947069,
      "category": "LOW",
      "growth_rate": 0.030566841641518624,
      "total_papers": 943,
      "babcock_priority": "MEDIUM"
    },
    {
      "theme": "Energy_Sustainability",
      "priority_score": 0.04669903790962313,
      "category": "LOW",
      "growth_rate": 0.023349518954811566,
      "total_papers": 3540,
      "babcock_priority": "MEDIUM"
    },
    {
      "theme": "Cybersecurity",
      "priority_score": 0.021958092926047647,
      "category": "LOW",
      "growth_rate": 0.007319364308682548,
      "total_papers": 2565,
      "babcock_priority": "HIGH"
    },
    {
      "theme": "Space_Aerospace",
      "priority_score": 0.00914425599852165,
      "category": "LOW",
      "growth_rate": 0.004572127999260825,
      "total_papers": 1406,
      "babcock_priority": "MEDIUM"
    },
    {
      "theme": "Autonomous_Systems",
      "priority_score": 0.004408189648894215,
      "category": "LOW",
      "growth_rate": 0.001915771251149159,
      "total_papers": 534,
      "babcock_priority": "HIGH"
    },
    {
      "theme": "Defense_Security",
      "priority_score": 0.0,
      "category": "LOW",
      "growth_rate": -0.03624048625063975,
      "total_papers": 1740,
      "babcock_priority": "HIGH"
    },
    {
      "theme": "Advanced_Manufacturing",
      "priority_score": 0.0,
      "category": "LOW",
      "growth_rate": -0.007700886946620733,
      "total_papers": 2719,
      "babcock_priority": "MEDIUM"
    },
    {
      "theme": "AI_Machine_Learning",
      "priority_score": 0.0,
      "category": "LOW",
      "growth_rate": -0.003494761569000094,
      "total_papers": 4795,
      "babcock_priority": "HIGH"
    }
  ]
}